{
  "last_node_id": 37,
  "last_link_id": 47,
  "nodes": [
    {
      "id": 17,
      "type": "PreviewImage",
      "pos": [
        1050,
        1790
      ],
      "size": {
        "0": 500,
        "1": 350
      },
      "flags": {},
      "order": 13,
      "mode": 0,
      "inputs": [
        {
          "name": "images",
          "type": "IMAGE",
          "link": 35
        }
      ],
      "properties": {
        "Node name for S&R": "PreviewImage",
        "ttNbgOverride": {
          "color": "#222",
          "bgcolor": "#000",
          "groupcolor": "#444"
        }
      },
      "color": "#222",
      "bgcolor": "#000"
    },
    {
      "id": 19,
      "type": "PreviewImage",
      "pos": [
        1940,
        870
      ],
      "size": {
        "0": 500,
        "1": 350
      },
      "flags": {},
      "order": 9,
      "mode": 0,
      "inputs": [
        {
          "name": "images",
          "type": "IMAGE",
          "link": 36
        }
      ],
      "properties": {
        "Node name for S&R": "PreviewImage",
        "ttNbgOverride": {
          "color": "#222",
          "bgcolor": "#000",
          "groupcolor": "#444"
        }
      },
      "color": "#222",
      "bgcolor": "#000"
    },
    {
      "id": 24,
      "type": "CR Vignette Filter",
      "pos": [
        690,
        870
      ],
      "size": {
        "0": 280,
        "1": 218
      },
      "flags": {},
      "order": 3,
      "mode": 0,
      "inputs": [
        {
          "name": "image",
          "type": "IMAGE",
          "link": 30
        }
      ],
      "outputs": [
        {
          "name": "IMAGE",
          "type": "IMAGE",
          "links": [
            34
          ],
          "shape": 3,
          "slot_index": 0
        },
        {
          "name": "MASK",
          "type": "MASK",
          "links": [
            38
          ],
          "shape": 3,
          "slot_index": 1
        },
        {
          "name": "show_help",
          "type": "STRING",
          "links": null,
          "shape": 3
        }
      ],
      "properties": {
        "Node name for S&R": "CR Vignette Filter"
      },
      "widgets_values": [
        "circle",
        50,
        0,
        -300,
        0.5,
        "no"
      ],
      "color": "#222",
      "bgcolor": "#000"
    },
    {
      "id": 25,
      "type": "CR Vignette Filter",
      "pos": [
        1590,
        880
      ],
      "size": {
        "0": 280,
        "1": 218
      },
      "flags": {},
      "order": 4,
      "mode": 0,
      "inputs": [
        {
          "name": "image",
          "type": "IMAGE",
          "link": 31
        }
      ],
      "outputs": [
        {
          "name": "IMAGE",
          "type": "IMAGE",
          "links": [
            36
          ],
          "shape": 3,
          "slot_index": 0
        },
        {
          "name": "MASK",
          "type": "MASK",
          "links": [
            41
          ],
          "shape": 3,
          "slot_index": 1
        },
        {
          "name": "show_help",
          "type": "STRING",
          "links": null,
          "shape": 3
        }
      ],
      "properties": {
        "Node name for S&R": "CR Vignette Filter"
      },
      "widgets_values": [
        "square",
        50,
        0,
        0,
        0.8,
        "no"
      ],
      "color": "#222",
      "bgcolor": "#000"
    },
    {
      "id": 6,
      "type": "PreviewImage",
      "pos": [
        1040,
        870
      ],
      "size": {
        "0": 500,
        "1": 350
      },
      "flags": {},
      "order": 7,
      "mode": 0,
      "inputs": [
        {
          "name": "images",
          "type": "IMAGE",
          "link": 34
        }
      ],
      "properties": {
        "Node name for S&R": "PreviewImage",
        "ttNbgOverride": {
          "color": "#222",
          "bgcolor": "#000",
          "groupcolor": "#444"
        }
      },
      "color": "#222",
      "bgcolor": "#000"
    },
    {
      "id": 33,
      "type": "PreviewImage",
      "pos": [
        1940,
        460
      ],
      "size": {
        "0": 500,
        "1": 350
      },
      "flags": {},
      "order": 16,
      "mode": 0,
      "inputs": [
        {
          "name": "images",
          "type": "IMAGE",
          "link": 43
        }
      ],
      "properties": {
        "Node name for S&R": "PreviewImage",
        "ttNbgOverride": {
          "color": "#222",
          "bgcolor": "#000",
          "groupcolor": "#444"
        }
      },
      "color": "#222",
      "bgcolor": "#000"
    },
    {
      "id": 28,
      "type": "MaskToImage",
      "pos": [
        750,
        790
      ],
      "size": {
        "0": 210,
        "1": 26
      },
      "flags": {},
      "order": 8,
      "mode": 0,
      "inputs": [
        {
          "name": "mask",
          "type": "MASK",
          "link": 38
        }
      ],
      "outputs": [
        {
          "name": "IMAGE",
          "type": "IMAGE",
          "links": [
            42
          ],
          "shape": 3,
          "slot_index": 0
        }
      ],
      "properties": {
        "Node name for S&R": "MaskToImage",
        "ttNbgOverride": {
          "color": "#222",
          "bgcolor": "#000",
          "groupcolor": "#444"
        }
      },
      "color": "#222",
      "bgcolor": "#000"
    },
    {
      "id": 30,
      "type": "MaskToImage",
      "pos": [
        1650,
        790
      ],
      "size": {
        "0": 210,
        "1": 26
      },
      "flags": {},
      "order": 10,
      "mode": 0,
      "inputs": [
        {
          "name": "mask",
          "type": "MASK",
          "link": 41
        }
      ],
      "outputs": [
        {
          "name": "IMAGE",
          "type": "IMAGE",
          "links": [
            43
          ],
          "shape": 3,
          "slot_index": 0
        }
      ],
      "properties": {
        "Node name for S&R": "MaskToImage",
        "ttNbgOverride": {
          "color": "#222",
          "bgcolor": "#000",
          "groupcolor": "#444"
        }
      },
      "color": "#222",
      "bgcolor": "#000"
    },
    {
      "id": 21,
      "type": "PreviewImage",
      "pos": [
        1950,
        1790
      ],
      "size": {
        "0": 500,
        "1": 350
      },
      "flags": {},
      "order": 11,
      "mode": 0,
      "inputs": [
        {
          "name": "images",
          "type": "IMAGE",
          "link": 37
        }
      ],
      "properties": {
        "Node name for S&R": "PreviewImage",
        "ttNbgOverride": {
          "color": "#222",
          "bgcolor": "#000",
          "groupcolor": "#444"
        }
      },
      "color": "#222",
      "bgcolor": "#000"
    },
    {
      "id": 34,
      "type": "MaskToImage",
      "pos": [
        760,
        1710
      ],
      "size": {
        "0": 210,
        "1": 26
      },
      "flags": {},
      "order": 14,
      "mode": 0,
      "inputs": [
        {
          "name": "mask",
          "type": "MASK",
          "link": 46
        }
      ],
      "outputs": [
        {
          "name": "IMAGE",
          "type": "IMAGE",
          "links": [
            44
          ],
          "shape": 3,
          "slot_index": 0
        }
      ],
      "properties": {
        "Node name for S&R": "MaskToImage",
        "ttNbgOverride": {
          "color": "#222",
          "bgcolor": "#000",
          "groupcolor": "#444"
        }
      },
      "color": "#222",
      "bgcolor": "#000"
    },
    {
      "id": 35,
      "type": "MaskToImage",
      "pos": [
        1660,
        1710
      ],
      "size": {
        "0": 210,
        "1": 26
      },
      "flags": {},
      "order": 12,
      "mode": 0,
      "inputs": [
        {
          "name": "mask",
          "type": "MASK",
          "link": 47
        }
      ],
      "outputs": [
        {
          "name": "IMAGE",
          "type": "IMAGE",
          "links": [
            45
          ],
          "shape": 3,
          "slot_index": 0
        }
      ],
      "properties": {
        "Node name for S&R": "MaskToImage",
        "ttNbgOverride": {
          "color": "#222",
          "bgcolor": "#000",
          "groupcolor": "#444"
        }
      },
      "color": "#222",
      "bgcolor": "#000"
    },
    {
      "id": 37,
      "type": "PreviewImage",
      "pos": [
        1950,
        1380
      ],
      "size": {
        "0": 500,
        "1": 350
      },
      "flags": {},
      "order": 17,
      "mode": 0,
      "inputs": [
        {
          "name": "images",
          "type": "IMAGE",
          "link": 45
        }
      ],
      "properties": {
        "Node name for S&R": "PreviewImage",
        "ttNbgOverride": {
          "color": "#222",
          "bgcolor": "#000",
          "groupcolor": "#444"
        }
      },
      "color": "#222",
      "bgcolor": "#000"
    },
    {
      "id": 27,
      "type": "CR Vignette Filter",
      "pos": [
        700,
        1790
      ],
      "size": {
        "0": 280,
        "1": 218
      },
      "flags": {},
      "order": 6,
      "mode": 0,
      "inputs": [
        {
          "name": "image",
          "type": "IMAGE",
          "link": 33
        }
      ],
      "outputs": [
        {
          "name": "IMAGE",
          "type": "IMAGE",
          "links": [
            35
          ],
          "shape": 3,
          "slot_index": 0
        },
        {
          "name": "MASK",
          "type": "MASK",
          "links": [
            46
          ],
          "shape": 3,
          "slot_index": 1
        },
        {
          "name": "show_help",
          "type": "STRING",
          "links": null,
          "shape": 3
        }
      ],
      "properties": {
        "Node name for S&R": "CR Vignette Filter"
      },
      "widgets_values": [
        "oval",
        150,
        200,
        -200,
        1,
        "no"
      ],
      "color": "#222",
      "bgcolor": "#000"
    },
    {
      "id": 26,
      "type": "CR Vignette Filter",
      "pos": [
        1600,
        1790
      ],
      "size": {
        "0": 280,
        "1": 218
      },
      "flags": {},
      "order": 5,
      "mode": 0,
      "inputs": [
        {
          "name": "image",
          "type": "IMAGE",
          "link": 32
        }
      ],
      "outputs": [
        {
          "name": "IMAGE",
          "type": "IMAGE",
          "links": [
            37
          ],
          "shape": 3,
          "slot_index": 0
        },
        {
          "name": "MASK",
          "type": "MASK",
          "links": [
            47
          ],
          "shape": 3,
          "slot_index": 1
        },
        {
          "name": "show_help",
          "type": "STRING",
          "links": null,
          "shape": 3
        }
      ],
      "properties": {
        "Node name for S&R": "CR Vignette Filter"
      },
      "widgets_values": [
        "diamond",
        20,
        0,
        0,
        0.7000000000000001,
        "no"
      ],
      "color": "#222",
      "bgcolor": "#000"
    },
    {
      "id": 32,
      "type": "PreviewImage",
      "pos": [
        1040,
        460
      ],
      "size": {
        "0": 500,
        "1": 350
      },
      "flags": {},
      "order": 15,
      "mode": 0,
      "inputs": [
        {
          "name": "images",
          "type": "IMAGE",
          "link": 42
        }
      ],
      "properties": {
        "Node name for S&R": "PreviewImage",
        "ttNbgOverride": {
          "color": "#222",
          "bgcolor": "#000",
          "groupcolor": "#444"
        }
      },
      "color": "#222",
      "bgcolor": "#000"
    },
    {
      "id": 15,
      "type": "LoadImage",
      "pos": [
        20,
        1450
      ],
      "size": [
        320,
        310
      ],
      "flags": {},
      "order": 0,
      "mode": 0,
      "outputs": [
        {
          "name": "IMAGE",
          "type": "IMAGE",
          "links": [
            20
          ],
          "shape": 3,
          "slot_index": 0
        },
        {
          "name": "MASK",
          "type": "MASK",
          "links": null,
          "shape": 3
        }
      ],
      "properties": {
        "Node name for S&R": "LoadImage",
        "ttNbgOverride": {
          "color": "#222",
          "bgcolor": "#000",
          "groupcolor": "#444"
        }
      },
      "widgets_values": [
        "SDXL10__00137_ (3).png",
        "image"
      ],
      "color": "#222",
      "bgcolor": "#000"
    },
    {
      "id": 36,
      "type": "PreviewImage",
      "pos": [
        1050,
        1370
      ],
      "size": {
        "0": 500,
        "1": 350
      },
      "flags": {},
      "order": 18,
      "mode": 0,
      "inputs": [
        {
          "name": "images",
          "type": "IMAGE",
          "link": 44
        }
      ],
      "properties": {
        "Node name for S&R": "PreviewImage",
        "ttNbgOverride": {
          "color": "#222",
          "bgcolor": "#000",
          "groupcolor": "#444"
        }
      },
      "color": "#222",
      "bgcolor": "#000"
    },
    {
      "id": 7,
      "type": "LoadImage",
      "pos": [
        10,
        1060
      ],
      "size": [
        320,
        310
      ],
      "flags": {},
      "order": 1,
      "mode": 0,
      "outputs": [
        {
          "name": "IMAGE",
          "type": "IMAGE",
          "links": [
            19
          ],
          "shape": 3,
          "slot_index": 0
        },
        {
          "name": "MASK",
          "type": "MASK",
          "links": null,
          "shape": 3
        }
      ],
      "properties": {
        "Node name for S&R": "LoadImage",
        "ttNbgOverride": {
          "color": "#222",
          "bgcolor": "#000",
          "groupcolor": "#444"
        }
      },
      "widgets_values": [
        "SDXL10__00017_ (2) (15).png",
        "image"
      ],
      "color": "#222",
      "bgcolor": "#000"
    },
    {
      "id": 16,
      "type": "ImpactMakeImageBatch",
      "pos": [
        450,
        1310
      ],
      "size": {
        "0": 140,
        "1": 70
      },
      "flags": {},
      "order": 2,
      "mode": 0,
      "inputs": [
        {
          "name": "image1",
          "type": "IMAGE",
          "link": 19
        },
        {
          "name": "image2",
          "type": "IMAGE",
          "link": 20
        },
        {
          "name": "image3",
          "type": "IMAGE",
          "link": null
        }
      ],
      "outputs": [
        {
          "name": "IMAGE",
          "type": "IMAGE",
          "links": [
            30,
            31,
            32,
            33
          ],
          "shape": 3,
          "slot_index": 0
        }
      ],
      "properties": {
        "Node name for S&R": "ImpactMakeImageBatch",
        "ttNbgOverride": {
          "color": "#222",
          "bgcolor": "#000",
          "groupcolor": "#444"
        }
      },
      "color": "#222",
      "bgcolor": "#000"
    }
  ],
  "links": [
    [
      19,
      7,
      0,
      16,
      0,
      "IMAGE"
    ],
    [
      20,
      15,
      0,
      16,
      1,
      "IMAGE"
    ],
    [
      30,
      16,
      0,
      24,
      0,
      "IMAGE"
    ],
    [
      31,
      16,
      0,
      25,
      0,
      "IMAGE"
    ],
    [
      32,
      16,
      0,
      26,
      0,
      "IMAGE"
    ],
    [
      33,
      16,
      0,
      27,
      0,
      "IMAGE"
    ],
    [
      34,
      24,
      0,
      6,
      0,
      "IMAGE"
    ],
    [
      35,
      27,
      0,
      17,
      0,
      "IMAGE"
    ],
    [
      36,
      25,
      0,
      19,
      0,
      "IMAGE"
    ],
    [
      37,
      26,
      0,
      21,
      0,
      "IMAGE"
    ],
    [
      38,
      24,
      1,
      28,
      0,
      "MASK"
    ],
    [
      41,
      25,
      1,
      30,
      0,
      "MASK"
    ],
    [
      42,
      28,
      0,
      32,
      0,
      "IMAGE"
    ],
    [
      43,
      30,
      0,
      33,
      0,
      "IMAGE"
    ],
    [
      44,
      34,
      0,
      36,
      0,
      "IMAGE"
    ],
    [
      45,
      35,
      0,
      37,
      0,
      "IMAGE"
    ],
    [
      46,
      27,
      1,
      34,
      0,
      "MASK"
    ],
    [
      47,
      26,
      1,
      35,
      0,
      "MASK"
    ]
  ],
  "groups": [],
  "config": {},
  "extra": {},
  "version": 0.4
}