{
  "last_node_id": 24,
  "last_link_id": 27,
  "nodes": [
    {
      "id": 14,
      "type": "ShowText|pysssss",
      "pos": [
        980,
        -80
      ],
      "size": {
        "0": 240,
        "1": 80
      },
      "flags": {},
      "order": 7,
      "mode": 0,
      "inputs": [
        {
          "name": "text",
          "type": "STRING",
          "link": 26,
          "widget": {
            "name": "text"
          }
        }
      ],
      "outputs": [
        {
          "name": "STRING",
          "type": "STRING",
          "links": null,
          "shape": 6
        }
      ],
      "properties": {
        "Node name for S&R": "ShowText|pysssss",
        "ttNbgOverride": {
          "color": "#222",
          "bgcolor": "#000",
          "groupcolor": "#444"
        }
      },
      "widgets_values": [
        "1.45"
      ],
      "color": "#222",
      "bgcolor": "#000"
    },
    {
      "id": 18,
      "type": "ShowText|pysssss",
      "pos": [
        980,
        -230
      ],
      "size": {
        "0": 240,
        "1": 80
      },
      "flags": {},
      "order": 6,
      "mode": 0,
      "inputs": [
        {
          "name": "text",
          "type": "STRING",
          "link": 14,
          "widget": {
            "name": "text"
          }
        }
      ],
      "outputs": [
        {
          "name": "STRING",
          "type": "STRING",
          "links": null,
          "shape": 6
        }
      ],
      "properties": {
        "Node name for S&R": "ShowText|pysssss",
        "ttNbgOverride": {
          "color": "#222",
          "bgcolor": "#000",
          "groupcolor": "#444"
        }
      },
      "widgets_values": [
        "1"
      ],
      "color": "#222",
      "bgcolor": "#000"
    },
    {
      "id": 19,
      "type": "CR Integer To String",
      "pos": [
        700,
        -230
      ],
      "size": {
        "0": 230,
        "1": 70
      },
      "flags": {},
      "order": 2,
      "mode": 0,
      "inputs": [
        {
          "name": "int_",
          "type": "INT",
          "link": 22,
          "widget": {
            "name": "int_"
          }
        }
      ],
      "outputs": [
        {
          "name": "STRING",
          "type": "STRING",
          "links": [
            14
          ],
          "shape": 3,
          "slot_index": 0
        },
        {
          "name": "show_help",
          "type": "STRING",
          "links": null,
          "shape": 3
        }
      ],
      "properties": {
        "Node name for S&R": "CR Integer To String",
        "ttNbgOverride": {
          "color": "#222",
          "bgcolor": "#000",
          "groupcolor": "#444"
        }
      },
      "widgets_values": [
        6
      ],
      "color": "#222",
      "bgcolor": "#000"
    },
    {
      "id": 16,
      "type": "ShowText|pysssss",
      "pos": [
        980,
        80
      ],
      "size": {
        "0": 240,
        "1": 80
      },
      "flags": {},
      "order": 8,
      "mode": 0,
      "inputs": [
        {
          "name": "text",
          "type": "STRING",
          "link": 13,
          "widget": {
            "name": "text"
          }
        }
      ],
      "outputs": [
        {
          "name": "STRING",
          "type": "STRING",
          "links": null,
          "shape": 6
        }
      ],
      "properties": {
        "Node name for S&R": "ShowText|pysssss",
        "ttNbgOverride": {
          "color": "#222",
          "bgcolor": "#000",
          "groupcolor": "#444"
        }
      },
      "widgets_values": [
        "-4"
      ],
      "color": "#222",
      "bgcolor": "#000"
    },
    {
      "id": 24,
      "type": "CR Float To String",
      "pos": [
        700,
        -80
      ],
      "size": [
        230,
        80
      ],
      "flags": {},
      "order": 3,
      "mode": 0,
      "inputs": [
        {
          "name": "float_",
          "type": "FLOAT",
          "link": 25,
          "widget": {
            "name": "float_"
          }
        }
      ],
      "outputs": [
        {
          "name": "STRING",
          "type": "STRING",
          "links": [
            26
          ],
          "shape": 3,
          "slot_index": 0
        },
        {
          "name": "show_help",
          "type": "STRING",
          "links": null,
          "shape": 3
        }
      ],
      "properties": {
        "Node name for S&R": "CR Float To String",
        "ttNbgOverride": {
          "color": "#222",
          "bgcolor": "#000",
          "groupcolor": "#444"
        }
      },
      "widgets_values": [
        0
      ],
      "color": "#222",
      "bgcolor": "#000"
    },
    {
      "id": 21,
      "type": "CR String To Number",
      "pos": [
        200,
        -140
      ],
      "size": {
        "0": 315,
        "1": 122
      },
      "flags": {},
      "order": 0,
      "mode": 0,
      "outputs": [
        {
          "name": "INT",
          "type": "INT",
          "links": [
            22
          ],
          "shape": 3,
          "slot_index": 0
        },
        {
          "name": "FLOAT",
          "type": "FLOAT",
          "links": [
            25
          ],
          "shape": 3,
          "slot_index": 1
        },
        {
          "name": "show_help",
          "type": "STRING",
          "links": null,
          "shape": 3
        }
      ],
      "properties": {
        "Node name for S&R": "CR String To Number",
        "ttNbgOverride": {
          "color": "#222",
          "bgcolor": "#000",
          "groupcolor": "#444"
        }
      },
      "widgets_values": [
        "1.45",
        "round"
      ],
      "color": "#222",
      "bgcolor": "#000"
    },
    {
      "id": 11,
      "type": "ShowText|pysssss",
      "pos": [
        980,
        250
      ],
      "size": {
        "0": 240,
        "1": 80
      },
      "flags": {},
      "order": 9,
      "mode": 0,
      "inputs": [
        {
          "name": "text",
          "type": "STRING",
          "link": 27,
          "widget": {
            "name": "text"
          }
        }
      ],
      "outputs": [
        {
          "name": "STRING",
          "type": "STRING",
          "links": null,
          "shape": 6
        }
      ],
      "properties": {
        "Node name for S&R": "ShowText|pysssss",
        "ttNbgOverride": {
          "color": "#222",
          "bgcolor": "#000",
          "groupcolor": "#444"
        }
      },
      "widgets_values": [
        "-3.55"
      ],
      "color": "#222",
      "bgcolor": "#000"
    },
    {
      "id": 23,
      "type": "CR Float To String",
      "pos": [
        700,
        250
      ],
      "size": [
        230,
        80
      ],
      "flags": {},
      "order": 5,
      "mode": 0,
      "inputs": [
        {
          "name": "float_",
          "type": "FLOAT",
          "link": 24,
          "widget": {
            "name": "float_"
          }
        }
      ],
      "outputs": [
        {
          "name": "STRING",
          "type": "STRING",
          "links": [
            27
          ],
          "shape": 3,
          "slot_index": 0
        },
        {
          "name": "show_help",
          "type": "STRING",
          "links": null,
          "shape": 3
        }
      ],
      "properties": {
        "Node name for S&R": "CR Float To String",
        "ttNbgOverride": {
          "color": "#222",
          "bgcolor": "#000",
          "groupcolor": "#444"
        }
      },
      "widgets_values": [
        0
      ],
      "color": "#222",
      "bgcolor": "#000"
    },
    {
      "id": 17,
      "type": "CR Integer To String",
      "pos": [
        700,
        80
      ],
      "size": {
        "0": 230,
        "1": 70
      },
      "flags": {},
      "order": 4,
      "mode": 0,
      "inputs": [
        {
          "name": "int_",
          "type": "INT",
          "link": 23,
          "widget": {
            "name": "int_"
          }
        }
      ],
      "outputs": [
        {
          "name": "STRING",
          "type": "STRING",
          "links": [
            13
          ],
          "shape": 3,
          "slot_index": 0
        },
        {
          "name": "show_help",
          "type": "STRING",
          "links": null,
          "shape": 3
        }
      ],
      "properties": {
        "Node name for S&R": "CR Integer To String",
        "ttNbgOverride": {
          "color": "#222",
          "bgcolor": "#000",
          "groupcolor": "#444"
        }
      },
      "widgets_values": [
        0
      ],
      "color": "#222",
      "bgcolor": "#000"
    },
    {
      "id": 22,
      "type": "CR String To Number",
      "pos": [
        200,
        150
      ],
      "size": {
        "0": 315,
        "1": 122
      },
      "flags": {},
      "order": 1,
      "mode": 0,
      "outputs": [
        {
          "name": "INT",
          "type": "INT",
          "links": [
            23
          ],
          "shape": 3,
          "slot_index": 0
        },
        {
          "name": "FLOAT",
          "type": "FLOAT",
          "links": [
            24
          ],
          "shape": 3,
          "slot_index": 1
        },
        {
          "name": "show_help",
          "type": "STRING",
          "links": null,
          "shape": 3
        }
      ],
      "properties": {
        "Node name for S&R": "CR String To Number",
        "ttNbgOverride": {
          "color": "#222",
          "bgcolor": "#000",
          "groupcolor": "#444"
        }
      },
      "widgets_values": [
        "-3.55",
        "round"
      ],
      "color": "#222",
      "bgcolor": "#000"
    }
  ],
  "links": [
    [
      13,
      17,
      0,
      16,
      0,
      "STRING"
    ],
    [
      14,
      19,
      0,
      18,
      0,
      "STRING"
    ],
    [
      22,
      21,
      0,
      19,
      0,
      "INT"
    ],
    [
      23,
      22,
      0,
      17,
      0,
      "INT"
    ],
    [
      24,
      22,
      1,
      23,
      0,
      "FLOAT"
    ],
    [
      25,
      21,
      1,
      24,
      0,
      "FLOAT"
    ],
    [
      26,
      24,
      0,
      14,
      0,
      "STRING"
    ],
    [
      27,
      23,
      0,
      11,
      0,
      "STRING"
    ]
  ],
  "groups": [],
  "config": {},
  "extra": {},
  "version": 0.4
}