{
  "last_node_id": 25,
  "last_link_id": 21,
  "nodes": [
    {
      "id": 21,
      "type": "PreviewImage",
      "pos": [
        1180,
        -180
      ],
      "size": {
        "0": 420,
        "1": 260
      },
      "flags": {},
      "order": 3,
      "mode": 0,
      "inputs": [
        {
          "name": "images",
          "type": "IMAGE",
          "link": 17
        }
      ],
      "properties": {
        "Node name for S&R": "PreviewImage",
        "ttNbgOverride": {
          "color": "#222",
          "bgcolor": "#000",
          "groupcolor": "#444"
        }
      },
      "color": "#222",
      "bgcolor": "#000"
    },
    {
      "id": 11,
      "type": "CR Font File List",
      "pos": [
        300,
        10
      ],
      "size": {
        "0": 315,
        "1": 126
      },
      "flags": {},
      "order": 0,
      "mode": 0,
      "outputs": [
        {
          "name": "LIST",
          "type": "*",
          "links": [
            20
          ],
          "shape": 6,
          "slot_index": 0
        },
        {
          "name": "show_help",
          "type": "STRING",
          "links": null,
          "shape": 3
        }
      ],
      "properties": {
        "Node name for S&R": "CR Font File List",
        "ttNbgOverride": {
          "color": "#222",
          "bgcolor": "#000",
          "groupcolor": "#444"
        }
      },
      "widgets_values": [
        "System",
        0,
        9
      ],
      "color": "#222",
      "bgcolor": "#000"
    },
    {
      "id": 20,
      "type": "CR Color Panel",
      "pos": [
        300,
        -210
      ],
      "size": {
        "0": 315,
        "1": 150
      },
      "flags": {},
      "order": 1,
      "mode": 0,
      "outputs": [
        {
          "name": "image",
          "type": "IMAGE",
          "links": [
            16
          ],
          "shape": 3,
          "slot_index": 0
        },
        {
          "name": "show_help",
          "type": "STRING",
          "links": null,
          "shape": 3
        }
      ],
      "properties": {
        "Node name for S&R": "CR Color Panel",
        "ttNbgOverride": {
          "color": "#222",
          "bgcolor": "#000",
          "groupcolor": "#444"
        }
      },
      "widgets_values": [
        512,
        256,
        "cyan",
        "#000000"
      ],
      "color": "#222",
      "bgcolor": "#000"
    },
    {
      "id": 19,
      "type": "CR Simple Banner",
      "pos": [
        720,
        -180
      ],
      "size": [
        400,
        290
      ],
      "flags": {},
      "order": 2,
      "mode": 0,
      "inputs": [
        {
          "name": "image",
          "type": "IMAGE",
          "link": 16
        },
        {
          "name": "font_name",
          "type": "COMBO",
          "link": 20,
          "widget": {
            "name": "font_name"
          }
        }
      ],
      "outputs": [
        {
          "name": "image",
          "type": "IMAGE",
          "links": [
            17
          ],
          "shape": 3,
          "slot_index": 0
        },
        {
          "name": "show_help",
          "type": "STRING",
          "links": null,
          "shape": 3
        }
      ],
      "properties": {
        "Node name for S&R": "CR Simple Banner",
        "ttNbgOverride": {
          "color": "#222",
          "bgcolor": "#000",
          "groupcolor": "#444"
        }
      },
      "widgets_values": [
        "Banner",
        "Roboto-Regular.ttf",
        150,
        "darkgray",
        0,
        "custom",
        0,
        "#000000",
        "#000000"
      ],
      "color": "#222",
      "bgcolor": "#000"
    }
  ],
  "links": [
    [
      16,
      20,
      0,
      19,
      0,
      "IMAGE"
    ],
    [
      17,
      19,
      0,
      21,
      0,
      "IMAGE"
    ],
    [
      20,
      11,
      0,
      19,
      1,
      "COMBO"
    ]
  ],
  "groups": [],
  "config": {},
  "extra": {},
  "version": 0.4
}