{
  "last_node_id": 10,
  "last_link_id": 9,
  "nodes": [
    {
      "id": 8,
      "type": "CR Text List",
      "pos": [
        1598.2039038186992,
        480.8330981449062
      ],
      "size": {
        "0": 380,
        "1": 200
      },
      "flags": {
        "collapsed": false
      },
      "order": 0,
      "mode": 0,
      "inputs": [],
      "outputs": [
        {
          "name": "STRING",
          "type": "STRING",
          "links": [
            7
          ],
          "shape": 6,
          "slot_index": 0
        },
        {
          "name": "show_help",
          "type": "STRING",
          "links": null,
          "shape": 3
        }
      ],
      "properties": {
        "Node name for S&R": "CR Text List",
        "ttNbgOverride": {
          "color": "#222",
          "bgcolor": "#000",
          "groupcolor": "#444"
        }
      },
      "widgets_values": [
        "circle\ndiamond\nsquare",
        0,
        1000
      ],
      "color": "#222",
      "bgcolor": "#000"
    },
    {
      "id": 9,
      "type": "CR Text List",
      "pos": [
        1588.2039038186992,
        190.83309814490622
      ],
      "size": {
        "0": 390,
        "1": 230
      },
      "flags": {
        "collapsed": false
      },
      "order": 1,
      "mode": 0,
      "inputs": [],
      "outputs": [
        {
          "name": "STRING",
          "type": "STRING",
          "links": [
            6
          ],
          "shape": 6,
          "slot_index": 0
        },
        {
          "name": "show_help",
          "type": "STRING",
          "links": null,
          "shape": 3
        }
      ],
      "properties": {
        "Node name for S&R": "CR Text List",
        "ttNbgOverride": {
          "color": "#222",
          "bgcolor": "#000",
          "groupcolor": "#444"
        }
      },
      "widgets_values": [
        "11\n12\n13",
        0,
        1000
      ],
      "color": "#222",
      "bgcolor": "#000"
    },
    {
      "id": 7,
      "type": "CR Intertwine Lists",
      "pos": [
        2040,
        340
      ],
      "size": [
        210,
        70
      ],
      "flags": {},
      "order": 2,
      "mode": 0,
      "inputs": [
        {
          "name": "list1",
          "type": "STRING",
          "link": 6,
          "widget": {
            "name": "list1"
          },
          "slot_index": 0
        },
        {
          "name": "list2",
          "type": "STRING",
          "link": 7,
          "widget": {
            "name": "list2"
          },
          "slot_index": 1
        }
      ],
      "outputs": [
        {
          "name": "STRING",
          "type": "STRING",
          "links": [
            8
          ],
          "shape": 6,
          "slot_index": 0
        },
        {
          "name": "show_help",
          "type": "STRING",
          "links": null,
          "shape": 3
        }
      ],
      "properties": {
        "Node name for S&R": "CR Intertwine Lists",
        "ttNbgOverride": {
          "color": "#222",
          "bgcolor": "#000",
          "groupcolor": "#444"
        }
      },
      "widgets_values": [
        "",
        ""
      ],
      "color": "#222",
      "bgcolor": "#000"
    },
    {
      "id": 10,
      "type": "ShowText|pysssss",
      "pos": [
        2290,
        340
      ],
      "size": [
        210,
        180
      ],
      "flags": {},
      "order": 3,
      "mode": 0,
      "inputs": [
        {
          "name": "text",
          "type": "STRING",
          "link": 8,
          "widget": {
            "name": "text"
          }
        }
      ],
      "outputs": [
        {
          "name": "STRING",
          "type": "STRING",
          "links": null,
          "shape": 6
        }
      ],
      "properties": {
        "Node name for S&R": "ShowText|pysssss",
        "ttNbgOverride": {
          "color": "#222",
          "bgcolor": "#000",
          "groupcolor": "#444"
        }
      },
      "widgets_values": [
        "11, circle",
        "12, diamond",
        "13, square"
      ],
      "color": "#222",
      "bgcolor": "#000"
    }
  ],
  "links": [
    [
      6,
      9,
      0,
      7,
      0,
      "STRING"
    ],
    [
      7,
      8,
      0,
      7,
      1,
      "STRING"
    ],
    [
      8,
      7,
      0,
      10,
      0,
      "STRING"
    ]
  ],
  "groups": [],
  "config": {},
  "extra": {},
  "version": 0.4
}