{
  "last_node_id": 3,
  "last_link_id": 2,
  "nodes": [
    {
      "id": 2,
      "type": "PreviewImage",
      "pos": [
        999.0210000000009,
        313.9090000000005
      ],
      "size": {
        "0": 470,
        "1": 370
      },
      "flags": {},
      "order": 2,
      "mode": 0,
      "inputs": [
        {
          "name": "images",
          "type": "IMAGE",
          "link": 2
        }
      ],
      "properties": {
        "Node name for S&R": "PreviewImage",
        "ttNbgOverride": {
          "color": "#222",
          "bgcolor": "#000",
          "groupcolor": "#444"
        }
      },
      "color": "#222",
      "bgcolor": "#000"
    },
    {
      "id": 3,
      "type": "CR Load Text List",
      "pos": [
        111,
        312
      ],
      "size": {
        "0": 315,
        "1": 126
      },
      "flags": {},
      "order": 0,
      "mode": 0,
      "outputs": [
        {
          "name": "STRING",
          "type": "STRING",
          "links": [
            1
          ],
          "shape": 6,
          "slot_index": 0
        },
        {
          "name": "show_help",
          "type": "STRING",
          "links": null,
          "shape": 3
        }
      ],
      "properties": {
        "Node name for S&R": "CR Load Text List",
        "ttNbgOverride": {
          "color": "#222",
          "bgcolor": "#000",
          "groupcolor": "#444"
        }
      },
      "widgets_values": [
        "F:\\ComfyUI\\ComfyUI_windows_portable\\ComfyUI\\input\\Value Lists",
        "test4",
        "txt"
      ],
      "color": "#222",
      "bgcolor": "#000"
    },
    {
      "id": 1,
      "type": "CR Draw Text",
      "pos": [
        500,
        310
      ],
      "size": {
        "0": 400,
        "1": 480
      },
      "flags": {},
      "order": 1,
      "mode": 0,
      "inputs": [
        {
          "name": "text",
          "type": "STRING",
          "link": 1,
          "widget": {
            "name": "text"
          }
        }
      ],
      "outputs": [
        {
          "name": "IMAGE",
          "type": "IMAGE",
          "links": [
            2
          ],
          "shape": 3,
          "slot_index": 0
        },
        {
          "name": "show_help",
          "type": "STRING",
          "links": null,
          "shape": 3
        }
      ],
      "properties": {
        "Node name for S&R": "CR Draw Text",
        "ttNbgOverride": {
          "color": "#222",
          "bgcolor": "#000",
          "groupcolor": "#444"
        }
      },
      "widgets_values": [
        256,
        64,
        "text",
        "Roboto-Regular.ttf",
        25,
        "white",
        "black",
        "center",
        "left",
        0,
        0,
        0,
        0,
        0,
        "text center",
        "#000000",
        "#000000"
      ],
      "color": "#222",
      "bgcolor": "#000"
    }
  ],
  "links": [
    [
      1,
      3,
      0,
      1,
      0,
      "STRING"
    ],
    [
      2,
      1,
      0,
      2,
      0,
      "IMAGE"
    ]
  ],
  "groups": [],
  "config": {},
  "extra": {},
  "version": 0.4
}