{
  "last_node_id": 107,
  "last_link_id": 179,
  "nodes": [
    {
      "id": 88,
      "type": "Text Concatenate",
      "pos": [
        200,
        520
      ],
      "size": {
        "0": 230,
        "1": 142
      },
      "flags": {},
      "order": 2,
      "mode": 0,
      "inputs": [
        {
          "name": "text_a",
          "type": "STRING",
          "link": 150,
          "widget": {
            "name": "text_a"
          }
        },
        {
          "name": "text_b",
          "type": "STRING",
          "link": 151,
          "widget": {
            "name": "text_b"
          }
        },
        {
          "name": "text_c",
          "type": "STRING",
          "link": null,
          "widget": {
            "name": "text_c"
          }
        },
        {
          "name": "text_d",
          "type": "STRING",
          "link": null,
          "widget": {
            "name": "text_d"
          }
        }
      ],
      "outputs": [
        {
          "name": "STRING",
          "type": "STRING",
          "links": [
            169
          ],
          "shape": 3,
          "slot_index": 0
        }
      ],
      "properties": {
        "Node name for S&R": "Text Concatenate",
        "ttNbgOverride": {
          "color": "#222",
          "bgcolor": "#000",
          "groupcolor": "#444"
        }
      },
      "widgets_values": [
        " ",
        "true",
        "",
        "",
        "",
        ""
      ],
      "color": "#222",
      "bgcolor": "#000"
    },
    {
      "id": 86,
      "type": "CR XY Product",
      "pos": [
        -80,
        520
      ],
      "size": {
        "0": 210,
        "1": 260
      },
      "flags": {},
      "order": 0,
      "mode": 0,
      "outputs": [
        {
          "name": "x_values",
          "type": "*",
          "links": [
            150
          ],
          "shape": 6,
          "slot_index": 0
        },
        {
          "name": "y_values",
          "type": "*",
          "links": [
            151
          ],
          "shape": 6,
          "slot_index": 1
        },
        {
          "name": "show_help",
          "type": "STRING",
          "links": null,
          "shape": 3
        }
      ],
      "properties": {
        "Node name for S&R": "CR XY Product",
        "ttNbgOverride": {
          "color": "#222",
          "bgcolor": "#000",
          "groupcolor": "#444"
        }
      },
      "widgets_values": [
        "1\n2\n3\n4\n5\n6",
        "A\nB\nC\nD\nE"
      ],
      "color": "#222",
      "bgcolor": "#000"
    },
    {
      "id": 102,
      "type": "CR Simple Banner",
      "pos": [
        490,
        510
      ],
      "size": {
        "0": 400,
        "1": 290
      },
      "flags": {},
      "order": 5,
      "mode": 0,
      "inputs": [
        {
          "name": "image",
          "type": "IMAGE",
          "link": 170
        },
        {
          "name": "banner_text",
          "type": "STRING",
          "link": 169,
          "widget": {
            "name": "banner_text"
          }
        }
      ],
      "outputs": [
        {
          "name": "image",
          "type": "IMAGE",
          "links": [
            179
          ],
          "shape": 3,
          "slot_index": 0
        },
        {
          "name": "show_help",
          "type": "STRING",
          "links": null,
          "shape": 3
        }
      ],
      "properties": {
        "Node name for S&R": "CR Simple Banner",
        "ttNbgOverride": {
          "color": "#222",
          "bgcolor": "#000",
          "groupcolor": "#444"
        }
      },
      "widgets_values": [
        "text",
        "Roboto-Regular.ttf",
        150,
        "white",
        0,
        "custom",
        0,
        "#000000",
        "#000000"
      ],
      "color": "#222",
      "bgcolor": "#000"
    },
    {
      "id": 107,
      "type": "CR Simple List",
      "pos": [
        300,
        230
      ],
      "size": {
        "0": 240,
        "1": 66
      },
      "flags": {},
      "order": 3,
      "mode": 0,
      "inputs": [
        {
          "name": "list_values",
          "type": "STRING",
          "link": 177,
          "widget": {
            "name": "list_values"
          }
        }
      ],
      "outputs": [
        {
          "name": "LIST",
          "type": "*",
          "links": [
            178
          ],
          "shape": 6,
          "slot_index": 0
        },
        {
          "name": "show_help",
          "type": "STRING",
          "links": null,
          "shape": 3
        }
      ],
      "properties": {
        "Node name for S&R": "CR Simple List",
        "ttNbgOverride": {
          "color": "#222",
          "bgcolor": "#000",
          "groupcolor": "#444"
        }
      },
      "widgets_values": [
        "x"
      ],
      "color": "#222",
      "bgcolor": "#000"
    },
    {
      "id": 103,
      "type": "CR Color Panel",
      "pos": [
        600,
        230
      ],
      "size": {
        "0": 320,
        "1": 150
      },
      "flags": {},
      "order": 4,
      "mode": 0,
      "inputs": [
        {
          "name": "fill_color_hex",
          "type": "STRING",
          "link": 178,
          "widget": {
            "name": "fill_color_hex"
          }
        }
      ],
      "outputs": [
        {
          "name": "image",
          "type": "IMAGE",
          "links": [
            170
          ],
          "shape": 3,
          "slot_index": 0
        },
        {
          "name": "show_help",
          "type": "STRING",
          "links": null,
          "shape": 3
        }
      ],
      "properties": {
        "Node name for S&R": "CR Color Panel",
        "ttNbgOverride": {
          "color": "#222",
          "bgcolor": "#000",
          "groupcolor": "#444"
        }
      },
      "widgets_values": [
        512,
        512,
        "custom",
        "#000000"
      ],
      "color": "#222",
      "bgcolor": "#000"
    },
    {
      "id": 85,
      "type": "CR Image Output",
      "pos": [
        960,
        510
      ],
      "size": {
        "0": 210,
        "1": 430
      },
      "flags": {},
      "order": 6,
      "mode": 0,
      "inputs": [
        {
          "name": "images",
          "type": "IMAGE",
          "link": 179
        }
      ],
      "outputs": [
        {
          "name": "trigger",
          "type": "BOOLEAN",
          "links": null,
          "shape": 3
        }
      ],
      "properties": {
        "Node name for S&R": "CR Image Output",
        "ttNbgOverride": {
          "color": "#222",
          "bgcolor": "#000",
          "groupcolor": "#444"
        }
      },
      "widgets_values": [
        "Preview",
        "CR",
        "None",
        "png",
        false
      ],
      "color": "#222",
      "bgcolor": "#000"
    },
    {
      "id": 105,
      "type": "CR Random Multiline Colors",
      "pos": [
        -90,
        230
      ],
      "size": {
        "0": 315,
        "1": 150
      },
      "flags": {},
      "order": 1,
      "mode": 0,
      "outputs": [
        {
          "name": "multiline_text",
          "type": "STRING",
          "links": [
            177
          ],
          "shape": 3,
          "slot_index": 0
        },
        {
          "name": "show_help",
          "type": "STRING",
          "links": null,
          "shape": 3
        }
      ],
      "properties": {
        "Node name for S&R": "CR Random Multiline Colors",
        "ttNbgOverride": {
          "color": "#222",
          "bgcolor": "#000",
          "groupcolor": "#444"
        }
      },
      "widgets_values": [
        373011782729792,
        "randomize",
        "hex color",
        30
      ],
      "color": "#222",
      "bgcolor": "#000"
    }
  ],
  "links": [
    [
      150,
      86,
      0,
      88,
      0,
      "STRING"
    ],
    [
      151,
      86,
      1,
      88,
      1,
      "STRING"
    ],
    [
      169,
      88,
      0,
      102,
      1,
      "STRING"
    ],
    [
      170,
      103,
      0,
      102,
      0,
      "IMAGE"
    ],
    [
      177,
      105,
      0,
      107,
      0,
      "STRING"
    ],
    [
      178,
      107,
      0,
      103,
      0,
      "STRING"
    ],
    [
      179,
      102,
      0,
      85,
      0,
      "IMAGE"
    ]
  ],
  "groups": [],
  "config": {},
  "extra": {},
  "version": 0.4
}