{
  "last_node_id": 50,
  "last_link_id": 55,
  "nodes": [
    {
      "id": 47,
      "type": "CR Random Multiline Colors",
      "pos": [
        810,
        300
      ],
      "size": {
        "0": 315,
        "1": 150
      },
      "flags": {},
      "order": 0,
      "mode": 0,
      "outputs": [
        {
          "name": "multiline_text",
          "type": "STRING",
          "links": [
            54
          ],
          "shape": 3,
          "slot_index": 0
        },
        {
          "name": "show_help",
          "type": "STRING",
          "links": null,
          "shape": 3
        }
      ],
      "properties": {
        "Node name for S&R": "CR Random Multiline Colors",
        "ttNbgOverride": {
          "color": "#222",
          "bgcolor": "#000",
          "groupcolor": "#444"
        }
      },
      "widgets_values": [
        1120874884275197,
        "randomize",
        "hex color",
        8
      ],
      "color": "#222",
      "bgcolor": "#000"
    },
    {
      "id": 48,
      "type": "ShowText|pysssss",
      "pos": [
        1170,
        300
      ],
      "size": [
        300,
        180
      ],
      "flags": {},
      "order": 2,
      "mode": 0,
      "inputs": [
        {
          "name": "text",
          "type": "STRING",
          "link": 54,
          "widget": {
            "name": "text"
          }
        }
      ],
      "outputs": [
        {
          "name": "STRING",
          "type": "STRING",
          "links": null,
          "shape": 6
        }
      ],
      "properties": {
        "Node name for S&R": "ShowText|pysssss",
        "ttNbgOverride": {
          "color": "#222",
          "bgcolor": "#000",
          "groupcolor": "#444"
        }
      },
      "widgets_values": [
        "#76E3FE\n#F88D3A\n#CA0531\n#FB2139\n#7617F4\n#F5C809\n#059E64\n#ED80DA"
      ],
      "color": "#222",
      "bgcolor": "#000"
    },
    {
      "id": 49,
      "type": "CR Random Multiline Colors",
      "pos": [
        810,
        560
      ],
      "size": {
        "0": 315,
        "1": 150
      },
      "flags": {},
      "order": 1,
      "mode": 0,
      "outputs": [
        {
          "name": "multiline_text",
          "type": "STRING",
          "links": [
            55
          ],
          "shape": 3,
          "slot_index": 0
        },
        {
          "name": "show_help",
          "type": "STRING",
          "links": null,
          "shape": 3
        }
      ],
      "properties": {
        "Node name for S&R": "CR Random Multiline Colors",
        "ttNbgOverride": {
          "color": "#222",
          "bgcolor": "#000",
          "groupcolor": "#444"
        }
      },
      "widgets_values": [
        87988793705182,
        "randomize",
        "rgb",
        8
      ],
      "color": "#222",
      "bgcolor": "#000"
    },
    {
      "id": 50,
      "type": "ShowText|pysssss",
      "pos": [
        1170,
        560
      ],
      "size": [
        300,
        180
      ],
      "flags": {},
      "order": 3,
      "mode": 0,
      "inputs": [
        {
          "name": "text",
          "type": "STRING",
          "link": 55,
          "widget": {
            "name": "text"
          }
        }
      ],
      "outputs": [
        {
          "name": "STRING",
          "type": "STRING",
          "links": null,
          "shape": 6
        }
      ],
      "properties": {
        "Node name for S&R": "ShowText|pysssss",
        "ttNbgOverride": {
          "color": "#222",
          "bgcolor": "#000",
          "groupcolor": "#444"
        }
      },
      "widgets_values": [
        "125,110,238\n62,247,234\n241,137,138\n222,55,163\n202,160,9\n83,59,28\n246,177,34\n21,53,154"
      ],
      "color": "#222",
      "bgcolor": "#000"
    }
  ],
  "links": [
    [
      54,
      47,
      0,
      48,
      0,
      "STRING"
    ],
    [
      55,
      49,
      0,
      50,
      0,
      "STRING"
    ]
  ],
  "groups": [],
  "config": {},
  "extra": {},
  "version": 0.4
}