{
  "last_node_id": 7,
  "last_link_id": 7,
  "nodes": [
    {
      "id": 7,
      "type": "CR Text List",
      "pos": [
        430,
        310
      ],
      "size": [
        320,
        130
      ],
      "flags": {},
      "order": 1,
      "mode": 0,
      "inputs": [
        {
          "name": "multiline_text",
          "type": "STRING",
          "link": 5,
          "widget": {
            "name": "multiline_text"
          }
        }
      ],
      "outputs": [
        {
          "name": "STRING",
          "type": "STRING",
          "links": [
            6
          ],
          "shape": 6,
          "slot_index": 0
        },
        {
          "name": "show_help",
          "type": "STRING",
          "links": null,
          "shape": 3
        }
      ],
      "properties": {
        "Node name for S&R": "CR Text List",
        "ttNbgOverride": {
          "color": "#222",
          "bgcolor": "#000",
          "groupcolor": "#444"
        }
      },
      "widgets_values": [
        "text",
        0,
        1000
      ],
      "color": "#222",
      "bgcolor": "#000"
    },
    {
      "id": 4,
      "type": "CR Comic Panel Templates",
      "pos": [
        800,
        310
      ],
      "size": [
        320,
        370
      ],
      "flags": {},
      "order": 3,
      "mode": 0,
      "inputs": [
        {
          "name": "images",
          "type": "IMAGE",
          "link": null
        },
        {
          "name": "custom_panel_layout",
          "type": "STRING",
          "link": 6,
          "widget": {
            "name": "custom_panel_layout"
          }
        }
      ],
      "outputs": [
        {
          "name": "image",
          "type": "IMAGE",
          "links": [
            4
          ],
          "shape": 3,
          "slot_index": 0
        },
        {
          "name": "show_help",
          "type": "STRING",
          "links": null,
          "shape": 3
        }
      ],
      "properties": {
        "Node name for S&R": "CR Comic Panel Templates",
        "ttNbgOverride": {
          "color": "#222",
          "bgcolor": "#000",
          "groupcolor": "#444"
        }
      },
      "widgets_values": [
        512,
        512,
        "custom",
        "left to right",
        5,
        2,
        "black",
        "white",
        "white",
        "H123",
        "#000000",
        "#000000",
        "#000000"
      ],
      "color": "#222",
      "bgcolor": "#000"
    },
    {
      "id": 6,
      "type": "ShowText|pysssss",
      "pos": [
        430,
        510
      ],
      "size": [
        320,
        130
      ],
      "flags": {},
      "order": 2,
      "mode": 0,
      "inputs": [
        {
          "name": "text",
          "type": "STRING",
          "link": 7,
          "widget": {
            "name": "text"
          }
        }
      ],
      "outputs": [
        {
          "name": "STRING",
          "type": "STRING",
          "links": null,
          "shape": 6
        }
      ],
      "properties": {
        "Node name for S&R": "ShowText|pysssss",
        "ttNbgOverride": {
          "color": "#222",
          "bgcolor": "#000",
          "groupcolor": "#444"
        }
      },
      "widgets_values": [
        "H322"
      ],
      "color": "#222",
      "bgcolor": "#000"
    },
    {
      "id": 3,
      "type": "CR Random Panel Codes",
      "pos": [
        30,
        310
      ],
      "size": {
        "0": 315,
        "1": 174
      },
      "flags": {},
      "order": 0,
      "mode": 0,
      "outputs": [
        {
          "name": "multiline_text",
          "type": "STRING",
          "links": [
            5,
            7
          ],
          "shape": 3,
          "slot_index": 0
        },
        {
          "name": "show_help",
          "type": "STRING",
          "links": null,
          "shape": 3
        }
      ],
      "properties": {
        "Node name for S&R": "CR Random Panel Codes",
        "ttNbgOverride": {
          "color": "#222",
          "bgcolor": "#000",
          "groupcolor": "#444"
        }
      },
      "widgets_values": [
        970090880094623,
        "randomize",
        1,
        3,
        "123"
      ],
      "color": "#222",
      "bgcolor": "#000"
    },
    {
      "id": 5,
      "type": "CR Image Output",
      "pos": [
        1160,
        310
      ],
      "size": [
        320,
        370
      ],
      "flags": {},
      "order": 4,
      "mode": 0,
      "inputs": [
        {
          "name": "images",
          "type": "IMAGE",
          "link": 4
        }
      ],
      "outputs": [
        {
          "name": "trigger",
          "type": "BOOLEAN",
          "links": null,
          "shape": 3
        }
      ],
      "properties": {
        "Node name for S&R": "CR Image Output",
        "ttNbgOverride": {
          "color": "#222",
          "bgcolor": "#000",
          "groupcolor": "#444"
        }
      },
      "widgets_values": [
        "Preview",
        "CR",
        "None",
        "png",
        false
      ],
      "color": "#222",
      "bgcolor": "#000"
    }
  ],
  "links": [
    [
      4,
      4,
      0,
      5,
      0,
      "IMAGE"
    ],
    [
      5,
      3,
      0,
      7,
      0,
      "STRING"
    ],
    [
      6,
      7,
      0,
      4,
      1,
      "STRING"
    ],
    [
      7,
      3,
      0,
      6,
      0,
      "STRING"
    ]
  ],
  "groups": [],
  "config": {},
  "extra": {},
  "version": 0.4
}