{
  "last_node_id": 39,
  "last_link_id": 30,
  "nodes": [
    {
      "id": 28,
      "type": "CR Random Multiline Values",
      "pos": [
        310,
        590
      ],
      "size": {
        "0": 315,
        "1": 174
      },
      "flags": {},
      "order": 0,
      "mode": 0,
      "outputs": [
        {
          "name": "multiline_text",
          "type": "STRING",
          "links": [
            25
          ],
          "shape": 3,
          "slot_index": 0
        },
        {
          "name": "show_help",
          "type": "STRING",
          "links": null,
          "shape": 3
        }
      ],
      "properties": {
        "Node name for S&R": "CR Random Multiline Values",
        "ttNbgOverride": {
          "color": "#222",
          "bgcolor": "#000",
          "groupcolor": "#444"
        }
      },
      "widgets_values": [
        268854322579225,
        "randomize",
        "natural",
        5,
        9
      ],
      "color": "#222",
      "bgcolor": "#000"
    },
    {
      "id": 29,
      "type": "ShowText|pysssss",
      "pos": [
        690,
        590
      ],
      "size": [
        210,
        130
      ],
      "flags": {},
      "order": 6,
      "mode": 0,
      "inputs": [
        {
          "name": "text",
          "type": "STRING",
          "link": 25,
          "widget": {
            "name": "text"
          }
        }
      ],
      "outputs": [
        {
          "name": "STRING",
          "type": "STRING",
          "links": null,
          "shape": 6
        }
      ],
      "properties": {
        "Node name for S&R": "ShowText|pysssss",
        "ttNbgOverride": {
          "color": "#222",
          "bgcolor": "#000",
          "groupcolor": "#444"
        }
      },
      "widgets_values": [
        "812231935\n558161673\n878423371\n936427625\n892931974"
      ],
      "color": "#222",
      "bgcolor": "#000"
    },
    {
      "id": 31,
      "type": "ShowText|pysssss",
      "pos": [
        690,
        360
      ],
      "size": [
        210,
        140
      ],
      "flags": {},
      "order": 8,
      "mode": 0,
      "inputs": [
        {
          "name": "text",
          "type": "STRING",
          "link": 26,
          "widget": {
            "name": "text"
          }
        }
      ],
      "outputs": [
        {
          "name": "STRING",
          "type": "STRING",
          "links": null,
          "shape": 6
        }
      ],
      "properties": {
        "Node name for S&R": "ShowText|pysssss",
        "ttNbgOverride": {
          "color": "#222",
          "bgcolor": "#000",
          "groupcolor": "#444"
        }
      },
      "widgets_values": [
        "701912082\n444705059\n627673192\n296082593\n165914781"
      ],
      "color": "#222",
      "bgcolor": "#000"
    },
    {
      "id": 33,
      "type": "ShowText|pysssss",
      "pos": [
        690,
        130
      ],
      "size": [
        210,
        140
      ],
      "flags": {},
      "order": 7,
      "mode": 0,
      "inputs": [
        {
          "name": "text",
          "type": "STRING",
          "link": 27,
          "widget": {
            "name": "text"
          }
        }
      ],
      "outputs": [
        {
          "name": "STRING",
          "type": "STRING",
          "links": null,
          "shape": 6
        }
      ],
      "properties": {
        "Node name for S&R": "ShowText|pysssss",
        "ttNbgOverride": {
          "color": "#222",
          "bgcolor": "#000",
          "groupcolor": "#444"
        }
      },
      "widgets_values": [
        "100000011\n110101101\n110000100\n100110110\n001001111"
      ],
      "color": "#222",
      "bgcolor": "#000"
    },
    {
      "id": 35,
      "type": "ShowText|pysssss",
      "pos": [
        1320,
        360
      ],
      "size": [
        210,
        140
      ],
      "flags": {},
      "order": 10,
      "mode": 0,
      "inputs": [
        {
          "name": "text",
          "type": "STRING",
          "link": 28,
          "widget": {
            "name": "text"
          }
        }
      ],
      "outputs": [
        {
          "name": "STRING",
          "type": "STRING",
          "links": null,
          "shape": 6
        }
      ],
      "properties": {
        "Node name for S&R": "ShowText|pysssss",
        "ttNbgOverride": {
          "color": "#222",
          "bgcolor": "#000",
          "groupcolor": "#444"
        }
      },
      "widgets_values": [
        "FXPdTeZMe\njbPIRPVOX\niYrWssDOX\nbwcwLAOlC\nAYEWpgMlj"
      ],
      "color": "#222",
      "bgcolor": "#000"
    },
    {
      "id": 37,
      "type": "ShowText|pysssss",
      "pos": [
        1320,
        130
      ],
      "size": [
        210,
        140
      ],
      "flags": {},
      "order": 9,
      "mode": 0,
      "inputs": [
        {
          "name": "text",
          "type": "STRING",
          "link": 29,
          "widget": {
            "name": "text"
          }
        }
      ],
      "outputs": [
        {
          "name": "STRING",
          "type": "STRING",
          "links": null,
          "shape": 6
        }
      ],
      "properties": {
        "Node name for S&R": "ShowText|pysssss",
        "ttNbgOverride": {
          "color": "#222",
          "bgcolor": "#000",
          "groupcolor": "#444"
        }
      },
      "widgets_values": [
        "f12240489\n9e0b1bd5e\ndf7354d04\na73ca29e3\n50d74fa8c"
      ],
      "color": "#222",
      "bgcolor": "#000"
    },
    {
      "id": 32,
      "type": "CR Random Multiline Values",
      "pos": [
        310,
        130
      ],
      "size": {
        "0": 315,
        "1": 174
      },
      "flags": {},
      "order": 1,
      "mode": 0,
      "outputs": [
        {
          "name": "multiline_text",
          "type": "STRING",
          "links": [
            27
          ],
          "shape": 3,
          "slot_index": 0
        },
        {
          "name": "show_help",
          "type": "STRING",
          "links": null,
          "shape": 3
        }
      ],
      "properties": {
        "Node name for S&R": "CR Random Multiline Values",
        "ttNbgOverride": {
          "color": "#222",
          "bgcolor": "#000",
          "groupcolor": "#444"
        }
      },
      "widgets_values": [
        291047529568083,
        "randomize",
        "binary",
        5,
        9
      ],
      "color": "#222",
      "bgcolor": "#000"
    },
    {
      "id": 30,
      "type": "CR Random Multiline Values",
      "pos": [
        310,
        360
      ],
      "size": {
        "0": 315,
        "1": 174
      },
      "flags": {},
      "order": 2,
      "mode": 0,
      "outputs": [
        {
          "name": "multiline_text",
          "type": "STRING",
          "links": [
            26
          ],
          "shape": 3,
          "slot_index": 0
        },
        {
          "name": "show_help",
          "type": "STRING",
          "links": null,
          "shape": 3
        }
      ],
      "properties": {
        "Node name for S&R": "CR Random Multiline Values",
        "ttNbgOverride": {
          "color": "#222",
          "bgcolor": "#000",
          "groupcolor": "#444"
        }
      },
      "widgets_values": [
        1101015473119017,
        "randomize",
        "decimal",
        5,
        9
      ],
      "color": "#222",
      "bgcolor": "#000"
    },
    {
      "id": 36,
      "type": "CR Random Multiline Values",
      "pos": [
        940,
        130
      ],
      "size": {
        "0": 315,
        "1": 174
      },
      "flags": {},
      "order": 3,
      "mode": 0,
      "outputs": [
        {
          "name": "multiline_text",
          "type": "STRING",
          "links": [
            29
          ],
          "shape": 3,
          "slot_index": 0
        },
        {
          "name": "show_help",
          "type": "STRING",
          "links": null,
          "shape": 3
        }
      ],
      "properties": {
        "Node name for S&R": "CR Random Multiline Values",
        "ttNbgOverride": {
          "color": "#222",
          "bgcolor": "#000",
          "groupcolor": "#444"
        }
      },
      "widgets_values": [
        920683337572783,
        "randomize",
        "hexadecimal",
        5,
        9
      ],
      "color": "#222",
      "bgcolor": "#000"
    },
    {
      "id": 34,
      "type": "CR Random Multiline Values",
      "pos": [
        940,
        360
      ],
      "size": {
        "0": 315,
        "1": 174
      },
      "flags": {},
      "order": 4,
      "mode": 0,
      "outputs": [
        {
          "name": "multiline_text",
          "type": "STRING",
          "links": [
            28
          ],
          "shape": 3,
          "slot_index": 0
        },
        {
          "name": "show_help",
          "type": "STRING",
          "links": null,
          "shape": 3
        }
      ],
      "properties": {
        "Node name for S&R": "CR Random Multiline Values",
        "ttNbgOverride": {
          "color": "#222",
          "bgcolor": "#000",
          "groupcolor": "#444"
        }
      },
      "widgets_values": [
        970170830729356,
        "randomize",
        "alphabetic",
        5,
        9
      ],
      "color": "#222",
      "bgcolor": "#000"
    },
    {
      "id": 39,
      "type": "ShowText|pysssss",
      "pos": [
        1320,
        590
      ],
      "size": [
        210,
        140
      ],
      "flags": {},
      "order": 11,
      "mode": 0,
      "inputs": [
        {
          "name": "text",
          "type": "STRING",
          "link": 30,
          "widget": {
            "name": "text"
          }
        }
      ],
      "outputs": [
        {
          "name": "STRING",
          "type": "STRING",
          "links": null,
          "shape": 6
        }
      ],
      "properties": {
        "Node name for S&R": "ShowText|pysssss",
        "ttNbgOverride": {
          "color": "#222",
          "bgcolor": "#000",
          "groupcolor": "#444"
        }
      },
      "widgets_values": [
        "FXP2dTeZM\nejbPI1RPV\nOXiYrWs3s\n7DOX8bwcw\n7LAOlCA9Y"
      ],
      "color": "#222",
      "bgcolor": "#000"
    },
    {
      "id": 38,
      "type": "CR Random Multiline Values",
      "pos": [
        940,
        590
      ],
      "size": {
        "0": 315,
        "1": 174
      },
      "flags": {},
      "order": 5,
      "mode": 0,
      "outputs": [
        {
          "name": "multiline_text",
          "type": "STRING",
          "links": [
            30
          ],
          "shape": 3,
          "slot_index": 0
        },
        {
          "name": "show_help",
          "type": "STRING",
          "links": null,
          "shape": 3
        }
      ],
      "properties": {
        "Node name for S&R": "CR Random Multiline Values",
        "ttNbgOverride": {
          "color": "#222",
          "bgcolor": "#000",
          "groupcolor": "#444"
        }
      },
      "widgets_values": [
        472562286303657,
        "randomize",
        "alphanumeric",
        5,
        9
      ],
      "color": "#222",
      "bgcolor": "#000"
    }
  ],
  "links": [
    [
      25,
      28,
      0,
      29,
      0,
      "STRING"
    ],
    [
      26,
      30,
      0,
      31,
      0,
      "STRING"
    ],
    [
      27,
      32,
      0,
      33,
      0,
      "STRING"
    ],
    [
      28,
      34,
      0,
      35,
      0,
      "STRING"
    ],
    [
      29,
      36,
      0,
      37,
      0,
      "STRING"
    ],
    [
      30,
      38,
      0,
      39,
      0,
      "STRING"
    ]
  ],
  "groups": [],
  "config": {},
  "extra": {},
  "version": 0.4
}