{
  "last_node_id": 6,
  "last_link_id": 7,
  "nodes": [
    {
      "id": 2,
      "type": "CR Random RGB Gradient",
      "pos": [
        340,
        450
      ],
      "size": {
        "0": 315,
        "1": 126
      },
      "flags": {},
      "order": 0,
      "mode": 0,
      "outputs": [
        {
          "name": "multiline_text",
          "type": "STRING",
          "links": [
            7
          ],
          "shape": 3,
          "slot_index": 0
        },
        {
          "name": "show_help",
          "type": "STRING",
          "links": null,
          "shape": 3
        }
      ],
      "properties": {
        "Node name for S&R": "CR Random RGB Gradient",
        "ttNbgOverride": {
          "color": "#222",
          "bgcolor": "#000",
          "groupcolor": "#444"
        }
      },
      "widgets_values": [
        80229934670227,
        "randomize",
        5
      ],
      "color": "#222",
      "bgcolor": "#000"
    },
    {
      "id": 3,
      "type": "Image Generate Gradient",
      "pos": [
        710,
        450
      ],
      "size": [
        310,
        150
      ],
      "flags": {},
      "order": 1,
      "mode": 0,
      "inputs": [
        {
          "name": "gradient_stops",
          "type": "STRING",
          "link": 7,
          "widget": {
            "name": "gradient_stops"
          }
        }
      ],
      "outputs": [
        {
          "name": "IMAGE",
          "type": "IMAGE",
          "links": [
            4
          ],
          "shape": 3,
          "slot_index": 0
        }
      ],
      "properties": {
        "Node name for S&R": "Image Generate Gradient",
        "ttNbgOverride": {
          "color": "#222",
          "bgcolor": "#000",
          "groupcolor": "#444"
        }
      },
      "widgets_values": [
        1024,
        1024,
        "horizontal",
        0,
        "0:255,0,0\n25:255,255,255\n50:0,255,0\n75:0,0,255"
      ],
      "color": "#222",
      "bgcolor": "#000"
    },
    {
      "id": 5,
      "type": "CR Thumbnail Preview",
      "pos": [
        1080,
        450
      ],
      "size": [
        320,
        290
      ],
      "flags": {},
      "order": 2,
      "mode": 0,
      "inputs": [
        {
          "name": "image",
          "type": "IMAGE",
          "link": 4
        }
      ],
      "outputs": [
        {
          "name": "show_help",
          "type": "STRING",
          "links": null,
          "shape": 3
        }
      ],
      "properties": {
        "Node name for S&R": "CR Thumbnail Preview",
        "ttNbgOverride": {
          "color": "#222",
          "bgcolor": "#000",
          "groupcolor": "#444"
        }
      },
      "widgets_values": [
        0.25,
        5
      ],
      "color": "#222",
      "bgcolor": "#000"
    }
  ],
  "links": [
    [
      4,
      3,
      0,
      5,
      0,
      "IMAGE"
    ],
    [
      7,
      2,
      0,
      3,
      0,
      "STRING"
    ]
  ],
  "groups": [],
  "config": {},
  "extra": {},
  "version": 0.4
}