{
  "last_node_id": 56,
  "last_link_id": 56,
  "nodes": [
    {
      "id": 15,
      "type": "EmptyLatentImage",
      "pos": [
        1480,
        410
      ],
      "size": [
        320,
        110
      ],
      "flags": {},
      "order": 11,
      "mode": 0,
      "inputs": [
        {
          "name": "width",
          "type": "INT",
          "link": 11,
          "widget": {
            "name": "width",
            "config": [
              "INT",
              {
                "default": 512,
                "min": 64,
                "max": 8192,
                "step": 8
              }
            ]
          }
        },
        {
          "name": "height",
          "type": "INT",
          "link": 12,
          "widget": {
            "name": "height",
            "config": [
              "INT",
              {
                "default": 512,
                "min": 64,
                "max": 8192,
                "step": 8
              }
            ]
          }
        },
        {
          "name": "batch_size",
          "type": "INT",
          "link": 56,
          "widget": {
            "name": "batch_size",
            "config": [
              "INT",
              {
                "default": 1,
                "min": 1,
                "max": 64
              }
            ]
          }
        }
      ],
      "outputs": [
        {
          "name": "LATENT",
          "type": "LATENT",
          "links": [
            13
          ],
          "shape": 3,
          "slot_index": 0
        }
      ],
      "properties": {
        "Node name for S&R": "EmptyLatentImage"
      },
      "widgets_values": [
        512,
        512,
        1
      ]
    },
    {
      "id": 13,
      "type": "KSampler",
      "pos": [
        1480,
        580
      ],
      "size": [
        320,
        470
      ],
      "flags": {},
      "order": 19,
      "mode": 0,
      "inputs": [
        {
          "name": "model",
          "type": "MODEL",
          "link": 32
        },
        {
          "name": "positive",
          "type": "CONDITIONING",
          "link": 8
        },
        {
          "name": "negative",
          "type": "CONDITIONING",
          "link": 9
        },
        {
          "name": "latent_image",
          "type": "LATENT",
          "link": 13
        }
      ],
      "outputs": [
        {
          "name": "LATENT",
          "type": "LATENT",
          "links": [
            14
          ],
          "shape": 3,
          "slot_index": 0
        }
      ],
      "properties": {
        "Node name for S&R": "KSampler"
      },
      "widgets_values": [
        305779246565633,
        "randomize",
        20,
        8,
        "euler",
        "normal",
        1
      ]
    },
    {
      "id": 11,
      "type": "CLIPTextEncode",
      "pos": [
        1120,
        660
      ],
      "size": {
        "0": 210,
        "1": 100
      },
      "flags": {},
      "order": 17,
      "mode": 0,
      "inputs": [
        {
          "name": "clip",
          "type": "CLIP",
          "link": 30
        }
      ],
      "outputs": [
        {
          "name": "CONDITIONING",
          "type": "CONDITIONING",
          "links": [
            8
          ],
          "shape": 3,
          "slot_index": 0
        }
      ],
      "properties": {
        "Node name for S&R": "CLIPTextEncode"
      },
      "widgets_values": [
        "1girl, period costume"
      ]
    },
    {
      "id": 12,
      "type": "CLIPTextEncode",
      "pos": [
        1120,
        820
      ],
      "size": {
        "0": 210,
        "1": 100
      },
      "flags": {},
      "order": 18,
      "mode": 0,
      "inputs": [
        {
          "name": "clip",
          "type": "CLIP",
          "link": 31
        }
      ],
      "outputs": [
        {
          "name": "CONDITIONING",
          "type": "CONDITIONING",
          "links": [
            9
          ],
          "shape": 3,
          "slot_index": 0
        }
      ],
      "properties": {
        "Node name for S&R": "CLIPTextEncode"
      },
      "widgets_values": [
        "embedding:EasyNegative, \nnsfw"
      ]
    },
    {
      "id": 16,
      "type": "VAEDecode",
      "pos": [
        1910,
        580
      ],
      "size": {
        "0": 210,
        "1": 46
      },
      "flags": {},
      "order": 20,
      "mode": 0,
      "inputs": [
        {
          "name": "samples",
          "type": "LATENT",
          "link": 14
        },
        {
          "name": "vae",
          "type": "VAE",
          "link": 15
        }
      ],
      "outputs": [
        {
          "name": "IMAGE",
          "type": "IMAGE",
          "links": [
            25
          ],
          "shape": 3,
          "slot_index": 0
        }
      ],
      "properties": {
        "Node name for S&R": "VAEDecode"
      }
    },
    {
      "id": 17,
      "type": "VAELoader",
      "pos": [
        1870,
        730
      ],
      "size": {
        "0": 315,
        "1": 58
      },
      "flags": {},
      "order": 0,
      "mode": 0,
      "outputs": [
        {
          "name": "VAE",
          "type": "VAE",
          "links": [
            15
          ],
          "shape": 3,
          "slot_index": 0
        }
      ],
      "properties": {
        "Node name for S&R": "VAELoader"
      },
      "widgets_values": [
        "vae-ft-mse-840000-ema-pruned.safetensors"
      ]
    },
    {
      "id": 35,
      "type": "CR LoRA List",
      "pos": [
        630,
        170
      ],
      "size": {
        "0": 300,
        "1": 342
      },
      "flags": {},
      "order": 13,
      "mode": 0,
      "inputs": [
        {
          "name": "lora_list",
          "type": "lora_LIST",
          "link": 39
        }
      ],
      "outputs": [
        {
          "name": "LORA_LIST",
          "type": "LORA_LIST",
          "links": [
            38
          ],
          "shape": 3,
          "slot_index": 0
        },
        {
          "name": "show_text",
          "type": "STRING",
          "links": [],
          "shape": 3,
          "slot_index": 1
        }
      ],
      "properties": {
        "Node name for S&R": "CR LoRA List"
      },
      "widgets_values": [
        "SD1_5\\add_detail.safetensors",
        "ADD",
        1,
        1,
        "SD1_5\\Cyberpunk-000010.safetensors",
        "CYB",
        1,
        1,
        "None",
        "",
        1,
        1
      ],
      "color": "#222",
      "bgcolor": "#000"
    },
    {
      "id": 28,
      "type": "CR Cycle LoRAs",
      "pos": [
        630,
        580
      ],
      "size": {
        "0": 310,
        "1": 190
      },
      "flags": {},
      "order": 16,
      "mode": 0,
      "inputs": [
        {
          "name": "model",
          "type": "MODEL",
          "link": 48
        },
        {
          "name": "clip",
          "type": "CLIP",
          "link": 49
        },
        {
          "name": "lora_list",
          "type": "LORA_LIST",
          "link": 38
        },
        {
          "name": "current_frame",
          "type": "INT",
          "link": 54,
          "widget": {
            "name": "current_frame",
            "config": [
              "INT",
              {
                "default": 0,
                "min": 0,
                "max": 9999,
                "step": 1
              }
            ]
          }
        }
      ],
      "outputs": [
        {
          "name": "MODEL",
          "type": "MODEL",
          "links": [
            32
          ],
          "shape": 3,
          "slot_index": 0
        },
        {
          "name": "CLIP",
          "type": "CLIP",
          "links": [
            30,
            31
          ],
          "shape": 3,
          "slot_index": 1
        }
      ],
      "properties": {
        "Node name for S&R": "CR Cycle LoRAs"
      },
      "widgets_values": [
        "Sequential",
        3,
        1,
        "Sequential"
      ],
      "color": "#222",
      "bgcolor": "#000"
    },
    {
      "id": 48,
      "type": "CR Cycle Models",
      "pos": [
        200,
        580
      ],
      "size": {
        "0": 320,
        "1": 190
      },
      "flags": {},
      "order": 15,
      "mode": 0,
      "inputs": [
        {
          "name": "model",
          "type": "MODEL",
          "link": 45
        },
        {
          "name": "clip",
          "type": "CLIP",
          "link": 46
        },
        {
          "name": "model_list",
          "type": "MODEL_LIST",
          "link": 47
        },
        {
          "name": "current_frame",
          "type": "INT",
          "link": 53,
          "widget": {
            "name": "current_frame",
            "config": [
              "INT",
              {
                "default": 0,
                "min": 0,
                "max": 9999,
                "step": 1
              }
            ]
          }
        }
      ],
      "outputs": [
        {
          "name": "MODEL",
          "type": "MODEL",
          "links": [
            48
          ],
          "shape": 3,
          "slot_index": 0
        },
        {
          "name": "CLIP",
          "type": "CLIP",
          "links": [
            49
          ],
          "shape": 3,
          "slot_index": 1
        },
        {
          "name": "VAE",
          "type": "VAE",
          "links": null,
          "shape": 3
        }
      ],
      "properties": {
        "Node name for S&R": "CR Cycle Models"
      },
      "widgets_values": [
        "Sequential",
        2,
        2,
        0
      ],
      "color": "#222",
      "bgcolor": "#000"
    },
    {
      "id": 47,
      "type": "CheckpointLoaderSimple",
      "pos": [
        -230,
        620
      ],
      "size": {
        "0": 315,
        "1": 98
      },
      "flags": {},
      "order": 1,
      "mode": 0,
      "outputs": [
        {
          "name": "MODEL",
          "type": "MODEL",
          "links": [
            45
          ],
          "shape": 3,
          "slot_index": 0
        },
        {
          "name": "CLIP",
          "type": "CLIP",
          "links": [
            46
          ],
          "shape": 3,
          "slot_index": 1
        },
        {
          "name": "VAE",
          "type": "VAE",
          "links": null,
          "shape": 3
        }
      ],
      "properties": {
        "Node name for S&R": "CheckpointLoaderSimple"
      },
      "widgets_values": [
        "SD1_5\\ayonimix_V4VAEBaked.safetensors"
      ]
    },
    {
      "id": 50,
      "type": "Note",
      "pos": [
        370,
        840
      ],
      "size": {
        "0": 210,
        "1": 100
      },
      "flags": {},
      "order": 2,
      "mode": 0,
      "properties": {
        "text": ""
      },
      "widgets_values": [
        "The cycler nodes process each model or LoRA in the lists in sequence based on the keyframe interval and number of loops."
      ],
      "color": "#233",
      "bgcolor": "#355"
    },
    {
      "id": 52,
      "type": "Note",
      "pos": [
        600,
        840
      ],
      "size": {
        "0": 210,
        "1": 100
      },
      "flags": {},
      "order": 3,
      "mode": 0,
      "properties": {
        "text": ""
      },
      "widgets_values": [
        "Aiases are used by scheduler nodes, they are not used by cycler nodes."
      ],
      "color": "#233",
      "bgcolor": "#355"
    },
    {
      "id": 5,
      "type": "CR Model List",
      "pos": [
        210,
        220
      ],
      "size": {
        "0": 315,
        "1": 294
      },
      "flags": {},
      "order": 12,
      "mode": 0,
      "inputs": [
        {
          "name": "model_list",
          "type": "MODEL_LIST",
          "link": 35
        }
      ],
      "outputs": [
        {
          "name": "MODEL_LIST",
          "type": "MODEL_LIST",
          "links": [
            47
          ],
          "shape": 3,
          "slot_index": 0
        },
        {
          "name": "show_text",
          "type": "STRING",
          "links": [],
          "shape": 3,
          "slot_index": 1
        }
      ],
      "properties": {
        "Node name for S&R": "CR Model List"
      },
      "widgets_values": [
        "SD1_5\\dalcefoV3Anime_dalcefoV3Anime.safetensors",
        "DAL",
        "None",
        "",
        "SD1_5\\epicrealism_newEra.safetensors",
        "EPI",
        "None",
        "",
        "None",
        ""
      ],
      "color": "#222",
      "bgcolor": "#000"
    },
    {
      "id": 49,
      "type": "Note",
      "pos": [
        -780,
        370
      ],
      "size": {
        "0": 210,
        "1": 100
      },
      "flags": {},
      "order": 4,
      "mode": 0,
      "properties": {
        "text": ""
      },
      "widgets_values": [
        "To run this workflow, first press Reset in the Animation Builder and then press the Queue button, Do not use queue prompt in the ComfyUI menu."
      ],
      "color": "#233",
      "bgcolor": "#355"
    },
    {
      "id": 14,
      "type": "CR SD1.5 Aspect Ratio",
      "pos": [
        1480,
        100
      ],
      "size": {
        "0": 315,
        "1": 238
      },
      "flags": {},
      "order": 5,
      "mode": 0,
      "outputs": [
        {
          "name": "width",
          "type": "INT",
          "links": [
            11
          ],
          "shape": 3,
          "slot_index": 0
        },
        {
          "name": "height",
          "type": "INT",
          "links": [
            12
          ],
          "shape": 3,
          "slot_index": 1
        },
        {
          "name": "upscale_factor",
          "type": "FLOAT",
          "links": null,
          "shape": 3
        },
        {
          "name": "batch_size",
          "type": "INT",
          "links": [
            56
          ],
          "shape": 3,
          "slot_index": 3
        }
      ],
      "properties": {
        "Node name for S&R": "CR SD1.5 Aspect Ratio"
      },
      "widgets_values": [
        512,
        512,
        "2:3 portrait 512x768",
        "Off",
        1,
        1
      ]
    },
    {
      "id": 54,
      "type": "CR Current Frame",
      "pos": [
        -200,
        350
      ],
      "size": {
        "0": 240,
        "1": 80
      },
      "flags": {},
      "order": 14,
      "mode": 0,
      "inputs": [
        {
          "name": "index",
          "type": "INT",
          "link": 52,
          "widget": {
            "name": "index",
            "config": [
              "INT",
              {
                "default": 1,
                "min": -10000,
                "max": 10000
              }
            ]
          }
        }
      ],
      "outputs": [
        {
          "name": "index",
          "type": "INT",
          "links": [
            53,
            54,
            55
          ],
          "shape": 3,
          "slot_index": 0
        }
      ],
      "properties": {
        "Node name for S&R": "CR Current Frame"
      },
      "widgets_values": [
        1,
        "Yes"
      ],
      "color": "#222",
      "bgcolor": "#000"
    },
    {
      "id": 55,
      "type": "Note",
      "pos": [
        -200,
        190
      ],
      "size": {
        "0": 210,
        "1": 100
      },
      "flags": {},
      "order": 6,
      "mode": 0,
      "properties": {
        "text": ""
      },
      "widgets_values": [
        "The CR Current Frame node prints the current frame index to console so that you can see which frame is currently being processed"
      ],
      "color": "#233",
      "bgcolor": "#355"
    },
    {
      "id": 56,
      "type": "Note",
      "pos": [
        -190,
        70
      ],
      "size": {
        "0": 210,
        "1": 70
      },
      "flags": {},
      "order": 7,
      "mode": 0,
      "properties": {
        "text": ""
      },
      "widgets_values": [
        "Frames are processed in sequence starting from frame index 0"
      ],
      "color": "#233",
      "bgcolor": "#355"
    },
    {
      "id": 26,
      "type": "Save Image Sequence (mtb)",
      "pos": [
        2280,
        330
      ],
      "size": {
        "0": 380,
        "1": 290
      },
      "flags": {},
      "order": 21,
      "mode": 0,
      "inputs": [
        {
          "name": "images",
          "type": "IMAGE",
          "link": 25,
          "slot_index": 0
        },
        {
          "name": "current_frame",
          "type": "INT",
          "link": 55,
          "widget": {
            "name": "current_frame",
            "config": [
              "INT",
              {
                "default": 0,
                "min": 0,
                "max": 9999999
              }
            ]
          },
          "slot_index": 1
        }
      ],
      "properties": {
        "Node name for S&R": "Save Image Sequence (mtb)"
      },
      "widgets_values": [
        "F:\\ComfyUI\\ComfyUI_windows_portable\\ComfyUI\\output\\Test\\",
        5
      ],
      "color": "#223",
      "bgcolor": "#335"
    },
    {
      "id": 29,
      "type": "CR Model List",
      "pos": [
        210,
        -120
      ],
      "size": {
        "0": 315,
        "1": 294
      },
      "flags": {},
      "order": 8,
      "mode": 0,
      "inputs": [
        {
          "name": "model_list",
          "type": "MODEL_LIST",
          "link": null
        }
      ],
      "outputs": [
        {
          "name": "MODEL_LIST",
          "type": "MODEL_LIST",
          "links": [
            35
          ],
          "shape": 3,
          "slot_index": 0
        },
        {
          "name": "show_text",
          "type": "STRING",
          "links": [],
          "shape": 3,
          "slot_index": 1
        }
      ],
      "properties": {
        "Node name for S&R": "CR Model List"
      },
      "widgets_values": [
        "SD1_5\\aZovyaPhotoreal_v2.safetensors",
        "ZOV",
        "SD1_5\\CounterfeitV25_25.safetensors",
        "COU",
        "None",
        "",
        "None",
        "",
        "None",
        ""
      ],
      "color": "#222",
      "bgcolor": "#000"
    },
    {
      "id": 39,
      "type": "CR LoRA List",
      "pos": [
        630,
        -210
      ],
      "size": {
        "0": 290,
        "1": 342
      },
      "flags": {},
      "order": 9,
      "mode": 0,
      "inputs": [
        {
          "name": "lora_list",
          "type": "lora_LIST",
          "link": null
        }
      ],
      "outputs": [
        {
          "name": "LORA_LIST",
          "type": "LORA_LIST",
          "links": [
            39
          ],
          "shape": 3,
          "slot_index": 0
        },
        {
          "name": "show_text",
          "type": "STRING",
          "links": [],
          "shape": 3,
          "slot_index": 1
        }
      ],
      "properties": {
        "Node name for S&R": "CR LoRA List"
      },
      "widgets_values": [
        "None",
        "",
        1,
        1,
        "SD1_5\\ArknightsSuzuran_20.safetensors",
        "SUZ",
        1,
        1,
        "None",
        "",
        1,
        1
      ],
      "color": "#222",
      "bgcolor": "#000"
    },
    {
      "id": 24,
      "type": "Animation Builder (mtb)",
      "pos": [
        -530,
        350
      ],
      "size": {
        "0": 210,
        "1": 320
      },
      "flags": {},
      "order": 10,
      "mode": 0,
      "outputs": [
        {
          "name": "frame",
          "type": "INT",
          "links": [
            52
          ],
          "shape": 3,
          "slot_index": 0
        },
        {
          "name": "0-1 (scaled)",
          "type": "FLOAT",
          "links": null,
          "shape": 3
        },
        {
          "name": "count",
          "type": "INT",
          "links": null,
          "shape": 3
        },
        {
          "name": "loop_ended",
          "type": "BOOLEAN",
          "links": null,
          "shape": 3
        }
      ],
      "properties": {
        "Node name for S&R": "Animation Builder (mtb)"
      },
      "widgets_values": [
        12,
        1,
        1,
        12,
        1,
        "frame: 0 / 11",
        "Done 😎!",
        "reset",
        "queue"
      ],
      "color": "#223",
      "bgcolor": "#335"
    }
  ],
  "links": [
    [
      8,
      11,
      0,
      13,
      1,
      "CONDITIONING"
    ],
    [
      9,
      12,
      0,
      13,
      2,
      "CONDITIONING"
    ],
    [
      11,
      14,
      0,
      15,
      0,
      "INT"
    ],
    [
      12,
      14,
      1,
      15,
      1,
      "INT"
    ],
    [
      13,
      15,
      0,
      13,
      3,
      "LATENT"
    ],
    [
      14,
      13,
      0,
      16,
      0,
      "LATENT"
    ],
    [
      15,
      17,
      0,
      16,
      1,
      "VAE"
    ],
    [
      25,
      16,
      0,
      26,
      0,
      "IMAGE"
    ],
    [
      30,
      28,
      1,
      11,
      0,
      "CLIP"
    ],
    [
      31,
      28,
      1,
      12,
      0,
      "CLIP"
    ],
    [
      32,
      28,
      0,
      13,
      0,
      "MODEL"
    ],
    [
      35,
      29,
      0,
      5,
      0,
      "MODEL_LIST"
    ],
    [
      38,
      35,
      0,
      28,
      2,
      "LORA_LIST"
    ],
    [
      39,
      39,
      0,
      35,
      0,
      "lora_LIST"
    ],
    [
      45,
      47,
      0,
      48,
      0,
      "MODEL"
    ],
    [
      46,
      47,
      1,
      48,
      1,
      "CLIP"
    ],
    [
      47,
      5,
      0,
      48,
      2,
      "MODEL_LIST"
    ],
    [
      48,
      48,
      0,
      28,
      0,
      "MODEL"
    ],
    [
      49,
      48,
      1,
      28,
      1,
      "CLIP"
    ],
    [
      52,
      24,
      0,
      54,
      0,
      "INT"
    ],
    [
      53,
      54,
      0,
      48,
      3,
      "INT"
    ],
    [
      54,
      54,
      0,
      28,
      3,
      "INT"
    ],
    [
      55,
      54,
      0,
      26,
      1,
      "INT"
    ],
    [
      56,
      14,
      3,
      15,
      2,
      "INT"
    ]
  ],
  "groups": [],
  "config": {},
  "extra": {},
  "version": 0.4
}