{
  "last_node_id": 87,
  "last_link_id": 99,
  "nodes": [
    {
      "id": 15,
      "type": "EmptyLatentImage",
      "pos": [
        1480,
        410
      ],
      "size": {
        "0": 320,
        "1": 110
      },
      "flags": {},
      "order": 16,
      "mode": 0,
      "inputs": [
        {
          "name": "width",
          "type": "INT",
          "link": 11,
          "widget": {
            "name": "width",
            "config": [
              "INT",
              {
                "default": 512,
                "min": 64,
                "max": 8192,
                "step": 8
              }
            ]
          }
        },
        {
          "name": "height",
          "type": "INT",
          "link": 12,
          "widget": {
            "name": "height",
            "config": [
              "INT",
              {
                "default": 512,
                "min": 64,
                "max": 8192,
                "step": 8
              }
            ]
          }
        }
      ],
      "outputs": [
        {
          "name": "LATENT",
          "type": "LATENT",
          "links": [
            13
          ],
          "shape": 3,
          "slot_index": 0
        }
      ],
      "properties": {
        "Node name for S&R": "EmptyLatentImage"
      },
      "widgets_values": [
        512,
        512,
        1
      ]
    },
    {
      "id": 14,
      "type": "CR SD1.5 Aspect Ratio",
      "pos": [
        1480,
        90
      ],
      "size": {
        "0": 315,
        "1": 238
      },
      "flags": {},
      "order": 0,
      "mode": 0,
      "outputs": [
        {
          "name": "width",
          "type": "INT",
          "links": [
            11
          ],
          "shape": 3,
          "slot_index": 0
        },
        {
          "name": "height",
          "type": "INT",
          "links": [
            12
          ],
          "shape": 3,
          "slot_index": 1
        },
        {
          "name": "upscale_factor",
          "type": "FLOAT",
          "links": null,
          "shape": 3
        },
        {
          "name": "batch_size",
          "type": "INT",
          "links": null,
          "shape": 3
        }
      ],
      "properties": {
        "Node name for S&R": "CR SD1.5 Aspect Ratio"
      },
      "widgets_values": [
        512,
        512,
        "2:3 portrait 512x768",
        "Off",
        1,
        1
      ]
    },
    {
      "id": 16,
      "type": "VAEDecode",
      "pos": [
        1910,
        580
      ],
      "size": {
        "0": 210,
        "1": 46
      },
      "flags": {},
      "order": 29,
      "mode": 0,
      "inputs": [
        {
          "name": "samples",
          "type": "LATENT",
          "link": 14
        },
        {
          "name": "vae",
          "type": "VAE",
          "link": 15
        }
      ],
      "outputs": [
        {
          "name": "IMAGE",
          "type": "IMAGE",
          "links": [
            25
          ],
          "shape": 3,
          "slot_index": 0
        }
      ],
      "properties": {
        "Node name for S&R": "VAEDecode"
      }
    },
    {
      "id": 17,
      "type": "VAELoader",
      "pos": [
        1870,
        730
      ],
      "size": {
        "0": 315,
        "1": 58
      },
      "flags": {},
      "order": 1,
      "mode": 0,
      "outputs": [
        {
          "name": "VAE",
          "type": "VAE",
          "links": [
            15
          ],
          "shape": 3,
          "slot_index": 0
        }
      ],
      "properties": {
        "Node name for S&R": "VAELoader"
      },
      "widgets_values": [
        "vae-ft-mse-840000-ema-pruned.safetensors"
      ]
    },
    {
      "id": 53,
      "type": "CLIPTextEncode",
      "pos": [
        1060,
        760
      ],
      "size": {
        "0": 260,
        "1": 54
      },
      "flags": {},
      "order": 17,
      "mode": 0,
      "inputs": [
        {
          "name": "clip",
          "type": "CLIP",
          "link": 71
        },
        {
          "name": "text",
          "type": "STRING",
          "link": 57,
          "widget": {
            "name": "text",
            "config": [
              "STRING",
              {
                "multiline": true
              }
            ]
          }
        }
      ],
      "outputs": [
        {
          "name": "CONDITIONING",
          "type": "CONDITIONING",
          "links": [
            66
          ],
          "shape": 3,
          "slot_index": 0
        }
      ],
      "properties": {
        "Node name for S&R": "CLIPTextEncode"
      },
      "widgets_values": [
        "embedding:EasyNegative.pt"
      ]
    },
    {
      "id": 52,
      "type": "CR Prompt Text",
      "pos": [
        460,
        600
      ],
      "size": {
        "0": 370,
        "1": 110
      },
      "flags": {},
      "order": 2,
      "mode": 0,
      "outputs": [
        {
          "name": "prompt",
          "type": "STRING",
          "links": [
            55
          ],
          "shape": 3,
          "slot_index": 0
        }
      ],
      "title": "Pre Text",
      "properties": {
        "Node name for S&R": "CR Prompt Text"
      },
      "widgets_values": [
        "anime, illustration, line-art, 2.5D,"
      ],
      "color": "#232",
      "bgcolor": "#353"
    },
    {
      "id": 54,
      "type": "CR Prompt Text",
      "pos": [
        460,
        770
      ],
      "size": {
        "0": 370,
        "1": 110
      },
      "flags": {},
      "order": 3,
      "mode": 0,
      "outputs": [
        {
          "name": "prompt",
          "type": "STRING",
          "links": [
            57
          ],
          "shape": 3,
          "slot_index": 0
        }
      ],
      "title": "Negative Prompt",
      "properties": {
        "Node name for S&R": "CR Prompt Text"
      },
      "widgets_values": [
        "embedding:EasyNegative.pt,\nnsfw"
      ],
      "color": "#571a1a",
      "bgcolor": "#6b2e2e"
    },
    {
      "id": 26,
      "type": "Save Image Sequence (mtb)",
      "pos": [
        2250,
        350
      ],
      "size": {
        "0": 380,
        "1": 290
      },
      "flags": {},
      "order": 30,
      "mode": 0,
      "inputs": [
        {
          "name": "images",
          "type": "IMAGE",
          "link": 25,
          "slot_index": 0
        },
        {
          "name": "current_frame",
          "type": "INT",
          "link": 74,
          "widget": {
            "name": "current_frame",
            "config": [
              "INT",
              {
                "default": 0,
                "min": 0,
                "max": 9999999
              }
            ]
          },
          "slot_index": 1
        }
      ],
      "properties": {
        "Node name for S&R": "Save Image Sequence (mtb)"
      },
      "widgets_values": [
        "F:\\ComfyUI\\ComfyUI_windows_portable\\ComfyUI\\output\\Test\\",
        5
      ],
      "color": "#223",
      "bgcolor": "#335"
    },
    {
      "id": 49,
      "type": "PromptSchedule",
      "pos": [
        950,
        410
      ],
      "size": {
        "0": 400,
        "1": 280
      },
      "flags": {},
      "order": 27,
      "mode": 0,
      "inputs": [
        {
          "name": "clip",
          "type": "CLIP",
          "link": 67
        },
        {
          "name": "current_frame",
          "type": "INT",
          "link": 69,
          "widget": {
            "name": "current_frame",
            "config": [
              "INT",
              {
                "default": 0,
                "min": 0,
                "max": 9999,
                "step": 1
              }
            ]
          }
        },
        {
          "name": "text",
          "type": "STRING",
          "link": 54,
          "widget": {
            "name": "text",
            "config": [
              "STRING",
              {
                "multiline": true
              }
            ]
          }
        },
        {
          "name": "pre_text",
          "type": "STRING",
          "link": 55,
          "widget": {
            "name": "pre_text",
            "config": [
              "STRING",
              {
                "multiline": false
              }
            ]
          }
        }
      ],
      "outputs": [
        {
          "name": "CONDITIONING",
          "type": "CONDITIONING",
          "links": [
            65
          ],
          "shape": 3,
          "slot_index": 0
        }
      ],
      "title": "Prompt Scheduler",
      "properties": {
        "Node name for S&R": "PromptSchedule"
      },
      "widgets_values": [
        "\"0\": \"1girl, solo, long grey hair, grey eyes, black sweater, (smiling:`(0.5+0.5*sin(t/12))`)\",\n\"24\": \"1girl, solo, long grey hair, grey eyes, black sweater, (smiling:`(0.5+0.5*sin(t/max_f))`)\"",
        12,
        0,
        "",
        "",
        0,
        0,
        0,
        0
      ],
      "color": "#223",
      "bgcolor": "#335"
    },
    {
      "id": 65,
      "type": "Note",
      "pos": [
        1120,
        240
      ],
      "size": {
        "0": 210,
        "1": 100
      },
      "flags": {},
      "order": 4,
      "mode": 0,
      "properties": {
        "text": ""
      },
      "widgets_values": [
        "The prompt scheduler assembles the prompt based on the current frame"
      ],
      "color": "#233",
      "bgcolor": "#355"
    },
    {
      "id": 63,
      "type": "Note",
      "pos": [
        -520,
        370
      ],
      "size": {
        "0": 210,
        "1": 100
      },
      "flags": {},
      "order": 5,
      "mode": 0,
      "properties": {
        "text": ""
      },
      "widgets_values": [
        "To run this workflow, first press Reset in the Animation Builder and then press the Queue button, Do not use queue prompt in the ComfyUI menu."
      ],
      "color": "#233",
      "bgcolor": "#355"
    },
    {
      "id": 66,
      "type": "Note",
      "pos": [
        50,
        210
      ],
      "size": {
        "0": 210,
        "1": 100
      },
      "flags": {},
      "order": 6,
      "mode": 0,
      "properties": {
        "text": ""
      },
      "widgets_values": [
        "Frames are processed in sequence. The CR Current Frame node prints the current frame index to console so that you can see which frame is currently being processed"
      ],
      "color": "#233",
      "bgcolor": "#355"
    },
    {
      "id": 47,
      "type": "CheckpointLoaderSimple",
      "pos": [
        460,
        240
      ],
      "size": {
        "0": 315,
        "1": 98
      },
      "flags": {},
      "order": 7,
      "mode": 0,
      "outputs": [
        {
          "name": "MODEL",
          "type": "MODEL",
          "links": [
            68
          ],
          "shape": 3,
          "slot_index": 0
        },
        {
          "name": "CLIP",
          "type": "CLIP",
          "links": [
            67,
            71
          ],
          "shape": 3,
          "slot_index": 1
        },
        {
          "name": "VAE",
          "type": "VAE",
          "links": null,
          "shape": 3
        }
      ],
      "properties": {
        "Node name for S&R": "CheckpointLoaderSimple"
      },
      "widgets_values": [
        "SD1_5\\ayonimix_V4VAEBaked.safetensors"
      ]
    },
    {
      "id": 67,
      "type": "Note",
      "pos": [
        50,
        80
      ],
      "size": {
        "0": 210,
        "1": 70
      },
      "flags": {},
      "order": 8,
      "mode": 0,
      "properties": {
        "text": ""
      },
      "widgets_values": [
        "Frames are processed in sequence starting from frame index 0"
      ],
      "color": "#233",
      "bgcolor": "#355"
    },
    {
      "id": 13,
      "type": "KSampler",
      "pos": [
        1480,
        580
      ],
      "size": {
        "0": 320,
        "1": 470
      },
      "flags": {},
      "order": 28,
      "mode": 0,
      "inputs": [
        {
          "name": "model",
          "type": "MODEL",
          "link": 68
        },
        {
          "name": "positive",
          "type": "CONDITIONING",
          "link": 65
        },
        {
          "name": "negative",
          "type": "CONDITIONING",
          "link": 66
        },
        {
          "name": "latent_image",
          "type": "LATENT",
          "link": 13
        }
      ],
      "outputs": [
        {
          "name": "LATENT",
          "type": "LATENT",
          "links": [
            14
          ],
          "shape": 3,
          "slot_index": 0
        }
      ],
      "properties": {
        "Node name for S&R": "KSampler"
      },
      "widgets_values": [
        0,
        "fixed",
        20,
        8,
        "euler",
        "normal",
        1
      ]
    },
    {
      "id": 64,
      "type": "Note",
      "pos": [
        548.9214027773999,
        1557.2026116672523
      ],
      "size": {
        "0": 220,
        "1": 140
      },
      "flags": {},
      "order": 9,
      "mode": 0,
      "properties": {
        "text": ""
      },
      "widgets_values": [
        "There are three methods of creating prompt keyframes ranging from simple to advanced.\n\n"
      ],
      "color": "#233",
      "bgcolor": "#355"
    },
    {
      "id": 77,
      "type": "Note",
      "pos": [
        -460,
        2600
      ],
      "size": {
        "0": 210,
        "1": 100
      },
      "flags": {},
      "order": 10,
      "mode": 0,
      "properties": {
        "text": ""
      },
      "widgets_values": [
        "This method allows detailed prompt control at the keyframe level"
      ],
      "color": "#233",
      "bgcolor": "#355"
    },
    {
      "id": 24,
      "type": "Animation Builder (mtb)",
      "pos": [
        -270,
        360
      ],
      "size": {
        "0": 210,
        "1": 320
      },
      "flags": {},
      "order": 11,
      "mode": 0,
      "outputs": [
        {
          "name": "frame",
          "type": "INT",
          "links": [
            23
          ],
          "shape": 3,
          "slot_index": 0
        },
        {
          "name": "0-1 (scaled)",
          "type": "FLOAT",
          "links": null,
          "shape": 3
        },
        {
          "name": "count",
          "type": "INT",
          "links": null,
          "shape": 3
        },
        {
          "name": "loop_ended",
          "type": "BOOLEAN",
          "links": null,
          "shape": 3
        }
      ],
      "properties": {
        "Node name for S&R": "Animation Builder (mtb)"
      },
      "widgets_values": [
        12,
        1,
        1,
        12,
        1,
        "frame: 0 / 11",
        "Done 😎!",
        "reset",
        "queue"
      ],
      "color": "#223",
      "bgcolor": "#335"
    },
    {
      "id": 78,
      "type": "CR Keyframe List",
      "pos": [
        -181.07859722259994,
        2597.2026116672523
      ],
      "size": [
        570,
        210
      ],
      "flags": {},
      "order": 12,
      "mode": 0,
      "outputs": [
        {
          "name": "keyframe_list",
          "type": "STRING",
          "links": [
            89
          ],
          "shape": 3,
          "slot_index": 0
        }
      ],
      "properties": {
        "Node name for S&R": "CR Keyframe List"
      },
      "widgets_values": [
        "\"0\": \"1girl, solo, long grey hair, (smiling:`(0.5+0.5*sin(t/12))`)\",\n\"72\": \"1girl, solo, short red hair, (smiling:`(0.5+0.5*sin(t/max_f))`)\"",
        "Deforum"
      ],
      "color": "#222",
      "bgcolor": "#000"
    },
    {
      "id": 56,
      "type": "CR Text Input Switch (4 way)",
      "pos": [
        548.9214027773999,
        1377.2026116672523
      ],
      "size": {
        "0": 240,
        "1": 120
      },
      "flags": {},
      "order": 26,
      "mode": 0,
      "inputs": [
        {
          "name": "text1",
          "type": "STRING",
          "link": 98
        },
        {
          "name": "text2",
          "type": "STRING",
          "link": 97
        },
        {
          "name": "text3",
          "type": "STRING",
          "link": 96
        },
        {
          "name": "text4",
          "type": "STRING",
          "link": 89,
          "slot_index": 3
        }
      ],
      "outputs": [
        {
          "name": "STRING",
          "type": "STRING",
          "links": [
            54
          ],
          "shape": 3,
          "slot_index": 0
        }
      ],
      "properties": {
        "Node name for S&R": "CR Text Input Switch (4 way)"
      },
      "widgets_values": [
        2,
        "",
        "",
        "",
        ""
      ],
      "color": "#222",
      "bgcolor": "#000"
    },
    {
      "id": 79,
      "type": "CR Cycle Text Simple",
      "pos": [
        -914.7703639000006,
        1433.9683054179686
      ],
      "size": {
        "0": 320,
        "1": 250
      },
      "flags": {},
      "order": 21,
      "mode": 0,
      "inputs": [
        {
          "name": "text_list_simple",
          "type": "TEXT_LIST_SIMPLE",
          "link": null
        },
        {
          "name": "current_frame",
          "type": "INT",
          "link": 99,
          "widget": {
            "name": "current_frame",
            "config": [
              "INT",
              {
                "default": 0,
                "min": 0,
                "max": 9999,
                "step": 1
              }
            ]
          }
        }
      ],
      "outputs": [
        {
          "name": "STRING",
          "type": "STRING",
          "links": [
            93
          ],
          "shape": 3,
          "slot_index": 0
        }
      ],
      "properties": {
        "Node name for S&R": "CR Cycle Text Simple"
      },
      "widgets_values": [
        "Sequential",
        3,
        2,
        0,
        "1girl, solo, long grey hair",
        "1girl, solo, long blue hair",
        "1girl, solo, long red hair",
        "1girl, solo, long black hair",
        "1girl, solo, long pink hair"
      ],
      "color": "#222",
      "bgcolor": "#000"
    },
    {
      "id": 81,
      "type": "CR Prompt List",
      "pos": [
        -914.7703639000006,
        1793.9683054179686
      ],
      "size": {
        "0": 400,
        "1": 684.0000610351562
      },
      "flags": {},
      "order": 13,
      "mode": 0,
      "inputs": [
        {
          "name": "prompt_list",
          "type": "PROMPT_LIST",
          "link": null
        }
      ],
      "outputs": [
        {
          "name": "PROMPT_LIST",
          "type": "PROMPT_LIST",
          "links": [
            91
          ],
          "shape": 3,
          "slot_index": 0
        }
      ],
      "properties": {
        "Node name for S&R": "CR Prompt List"
      },
      "widgets_values": [
        3,
        2,
        "1girl, solo, long grey hair",
        "Default",
        "Default",
        "Default",
        "1girl, solo, long blue hair",
        "Default",
        "Default",
        "Default",
        "1girl, solo, long red hair",
        "Default",
        "Default",
        "Default",
        "1girl, solo, long black hair",
        "Default",
        "Default",
        "Default",
        "1girl, solo, long pink hair",
        "Default",
        "Default",
        "Default"
      ],
      "color": "#222",
      "bgcolor": "#000"
    },
    {
      "id": 82,
      "type": "CR Prompt List",
      "pos": [
        -464.7703638999999,
        1793.9683054179686
      ],
      "size": {
        "0": 400,
        "1": 684.0000610351562
      },
      "flags": {},
      "order": 19,
      "mode": 0,
      "inputs": [
        {
          "name": "prompt_list",
          "type": "PROMPT_LIST",
          "link": 91
        }
      ],
      "outputs": [
        {
          "name": "PROMPT_LIST",
          "type": "PROMPT_LIST",
          "links": [
            90
          ],
          "shape": 3,
          "slot_index": 0
        }
      ],
      "properties": {
        "Node name for S&R": "CR Prompt List"
      },
      "widgets_values": [
        3,
        1,
        "",
        "Default",
        "Default",
        "Default",
        "",
        "Default",
        "Default",
        "Default",
        "",
        "Default",
        "Default",
        "Default",
        "",
        "Default",
        "Default",
        "Default",
        "",
        "Default",
        "Default",
        "Default"
      ],
      "color": "#222",
      "bgcolor": "#000"
    },
    {
      "id": 83,
      "type": "CR Simple Prompt List",
      "pos": [
        -454.77036389999995,
        1033.9683054179686
      ],
      "size": {
        "0": 400,
        "1": 276.00006103515625
      },
      "flags": {},
      "order": 20,
      "mode": 0,
      "inputs": [
        {
          "name": "simple_prompt_list",
          "type": "SIMPLE_PROMPT_LIST",
          "link": 92
        }
      ],
      "outputs": [
        {
          "name": "SIMPLE_PROMPT_LIST",
          "type": "SIMPLE_PROMPT_LIST",
          "links": [
            94
          ],
          "shape": 3,
          "slot_index": 0
        }
      ],
      "properties": {
        "Node name for S&R": "CR Simple Prompt List"
      },
      "widgets_values": [
        "",
        "",
        "",
        "",
        ""
      ],
      "color": "#222",
      "bgcolor": "#000"
    },
    {
      "id": 85,
      "type": "CR Simple Prompt List",
      "pos": [
        -464.7703638999999,
        1413.9683054179686
      ],
      "size": {
        "0": 400,
        "1": 280
      },
      "flags": {},
      "order": 24,
      "mode": 0,
      "inputs": [
        {
          "name": "simple_prompt_list",
          "type": "SIMPLE_PROMPT_LIST",
          "link": null
        },
        {
          "name": "prompt_1",
          "type": "STRING",
          "link": 93,
          "widget": {
            "name": "prompt_1",
            "config": [
              "STRING",
              {
                "multiline": true,
                "default": "prompt"
              }
            ]
          }
        }
      ],
      "outputs": [
        {
          "name": "SIMPLE_PROMPT_LIST",
          "type": "SIMPLE_PROMPT_LIST",
          "links": [
            95
          ],
          "shape": 3,
          "slot_index": 0
        }
      ],
      "properties": {
        "Node name for S&R": "CR Simple Prompt List"
      },
      "widgets_values": [
        "prompt",
        "",
        "",
        "",
        ""
      ],
      "color": "#222",
      "bgcolor": "#000"
    },
    {
      "id": 84,
      "type": "CR Simple Prompt List",
      "pos": [
        -910,
        1030
      ],
      "size": {
        "0": 400,
        "1": 276.00006103515625
      },
      "flags": {},
      "order": 14,
      "mode": 0,
      "inputs": [
        {
          "name": "simple_prompt_list",
          "type": "SIMPLE_PROMPT_LIST",
          "link": null
        }
      ],
      "outputs": [
        {
          "name": "SIMPLE_PROMPT_LIST",
          "type": "SIMPLE_PROMPT_LIST",
          "links": [
            92
          ],
          "shape": 3,
          "slot_index": 0
        }
      ],
      "properties": {
        "Node name for S&R": "CR Simple Prompt List"
      },
      "widgets_values": [
        "1girl, solo, long grey hair",
        "1girl, solo, long blue hair",
        "1girl, solo, long red hair",
        "1girl, solo, long black hair",
        "1girl, solo, long pink hair"
      ],
      "color": "#222",
      "bgcolor": "#000"
    },
    {
      "id": 80,
      "type": "CR Prompt List Keyframes",
      "pos": [
        -4.770363900000342,
        1793.9683054179686
      ],
      "size": {
        "0": 330,
        "1": 60
      },
      "flags": {},
      "order": 22,
      "mode": 0,
      "inputs": [
        {
          "name": "prompt_list",
          "type": "PROMPT_LIST",
          "link": 90
        }
      ],
      "outputs": [
        {
          "name": "keyframe_list",
          "type": "STRING",
          "links": [
            96
          ],
          "shape": 3,
          "slot_index": 0
        }
      ],
      "properties": {
        "Node name for S&R": "CR Prompt List Keyframes"
      },
      "widgets_values": [
        "Deforum"
      ],
      "color": "#222",
      "bgcolor": "#000"
    },
    {
      "id": 87,
      "type": "CR Simple Prompt List Keyframes",
      "pos": [
        -4.770363900000342,
        1413.9683054179686
      ],
      "size": {
        "0": 405.5999755859375,
        "1": 178
      },
      "flags": {},
      "order": 25,
      "mode": 0,
      "inputs": [
        {
          "name": "simple_prompt_list",
          "type": "SIMPLE_PROMPT_LIST",
          "link": 95
        }
      ],
      "outputs": [
        {
          "name": "keyframe_list",
          "type": "STRING",
          "links": [
            97
          ],
          "shape": 3,
          "slot_index": 0
        }
      ],
      "properties": {
        "Node name for S&R": "CR Simple Prompt List Keyframes"
      },
      "widgets_values": [
        3,
        1,
        "Default",
        "Default",
        "Default",
        "Deforum"
      ],
      "color": "#222",
      "bgcolor": "#000"
    },
    {
      "id": 86,
      "type": "CR Simple Prompt List Keyframes",
      "pos": [
        -4.770363900000342,
        1033.9683054179686
      ],
      "size": {
        "0": 405.5999755859375,
        "1": 178
      },
      "flags": {},
      "order": 23,
      "mode": 0,
      "inputs": [
        {
          "name": "simple_prompt_list",
          "type": "SIMPLE_PROMPT_LIST",
          "link": 94
        }
      ],
      "outputs": [
        {
          "name": "keyframe_list",
          "type": "STRING",
          "links": [
            98
          ],
          "shape": 3,
          "slot_index": 0
        }
      ],
      "properties": {
        "Node name for S&R": "CR Simple Prompt List Keyframes"
      },
      "widgets_values": [
        3,
        1,
        "Default",
        "Default",
        "Default",
        "Deforum"
      ],
      "color": "#222",
      "bgcolor": "#000"
    },
    {
      "id": 76,
      "type": "Note",
      "pos": [
        -1240,
        1440
      ],
      "size": {
        "0": 210,
        "1": 100
      },
      "flags": {},
      "order": 15,
      "mode": 0,
      "properties": {
        "text": ""
      },
      "widgets_values": [
        "Cycling text adds another level of prompt control"
      ],
      "color": "#233",
      "bgcolor": "#355"
    },
    {
      "id": 25,
      "type": "CR Current Frame",
      "pos": [
        50,
        360
      ],
      "size": {
        "0": 320,
        "1": 60
      },
      "flags": {
        "collapsed": false
      },
      "order": 18,
      "mode": 0,
      "inputs": [
        {
          "name": "index",
          "type": "INT",
          "link": 23,
          "widget": {
            "name": "index",
            "config": [
              "INT",
              {
                "default": 1,
                "min": -10000,
                "max": 10000
              }
            ]
          }
        }
      ],
      "outputs": [
        {
          "name": "index",
          "type": "INT",
          "links": [
            69,
            74,
            99
          ],
          "shape": 3,
          "slot_index": 0
        }
      ],
      "properties": {
        "Node name for S&R": "CR Current Frame"
      },
      "widgets_values": [
        1,
        "Yes"
      ],
      "color": "#222",
      "bgcolor": "#000"
    }
  ],
  "links": [
    [
      11,
      14,
      0,
      15,
      0,
      "INT"
    ],
    [
      12,
      14,
      1,
      15,
      1,
      "INT"
    ],
    [
      13,
      15,
      0,
      13,
      3,
      "LATENT"
    ],
    [
      14,
      13,
      0,
      16,
      0,
      "LATENT"
    ],
    [
      15,
      17,
      0,
      16,
      1,
      "VAE"
    ],
    [
      23,
      24,
      0,
      25,
      0,
      "INT"
    ],
    [
      25,
      16,
      0,
      26,
      0,
      "IMAGE"
    ],
    [
      54,
      56,
      0,
      49,
      2,
      "STRING"
    ],
    [
      55,
      52,
      0,
      49,
      3,
      "STRING"
    ],
    [
      57,
      54,
      0,
      53,
      1,
      "STRING"
    ],
    [
      65,
      49,
      0,
      13,
      1,
      "CONDITIONING"
    ],
    [
      66,
      53,
      0,
      13,
      2,
      "CONDITIONING"
    ],
    [
      67,
      47,
      1,
      49,
      0,
      "CLIP"
    ],
    [
      68,
      47,
      0,
      13,
      0,
      "MODEL"
    ],
    [
      69,
      25,
      0,
      49,
      1,
      "INT"
    ],
    [
      71,
      47,
      1,
      53,
      0,
      "CLIP"
    ],
    [
      74,
      25,
      0,
      26,
      1,
      "INT"
    ],
    [
      89,
      78,
      0,
      56,
      3,
      "STRING"
    ],
    [
      90,
      82,
      0,
      80,
      0,
      "PROMPT_LIST"
    ],
    [
      91,
      81,
      0,
      82,
      0,
      "PROMPT_LIST"
    ],
    [
      92,
      84,
      0,
      83,
      0,
      "SIMPLE_PROMPT_LIST"
    ],
    [
      93,
      79,
      0,
      85,
      1,
      "STRING"
    ],
    [
      94,
      83,
      0,
      86,
      0,
      "SIMPLE_PROMPT_LIST"
    ],
    [
      95,
      85,
      0,
      87,
      0,
      "SIMPLE_PROMPT_LIST"
    ],
    [
      96,
      80,
      0,
      56,
      2,
      "STRING"
    ],
    [
      97,
      87,
      0,
      56,
      1,
      "STRING"
    ],
    [
      98,
      86,
      0,
      56,
      0,
      "STRING"
    ],
    [
      99,
      25,
      0,
      79,
      1,
      "INT"
    ]
  ],
  "groups": [
    {
      "title": "Prompt Keyframes",
      "bounding": [
        -972,
        924,
        1799,
        1930
      ],
      "color": "#3f789e",
      "locked": false
    },
    {
      "title": "1 - Simple",
      "bounding": [
        -1183,
        1001,
        186,
        80
      ],
      "color": "#b58b2a",
      "locked": false
    },
    {
      "title": "2 - Intermediate",
      "bounding": [
        -1208,
        1768,
        188,
        80
      ],
      "color": "#b58b2a",
      "locked": false
    },
    {
      "title": "3 - Advanced",
      "bounding": [
        -1189,
        2550,
        189,
        80
      ],
      "color": "#b58b2a",
      "locked": false
    }
  ],
  "config": {},
  "extra": {},
  "version": 0.4
}