{
  "last_node_id": 91,
  "last_link_id": 107,
  "nodes": [
    {
      "id": 13,
      "type": "KSampler",
      "pos": [
        1480,
        580
      ],
      "size": [
        320,
        470
      ],
      "flags": {},
      "order": 15,
      "mode": 0,
      "inputs": [
        {
          "name": "model",
          "type": "MODEL",
          "link": 53
        },
        {
          "name": "positive",
          "type": "CONDITIONING",
          "link": 8
        },
        {
          "name": "negative",
          "type": "CONDITIONING",
          "link": 9
        },
        {
          "name": "latent_image",
          "type": "LATENT",
          "link": 13
        }
      ],
      "outputs": [
        {
          "name": "LATENT",
          "type": "LATENT",
          "links": [
            14
          ],
          "shape": 3,
          "slot_index": 0
        }
      ],
      "properties": {
        "Node name for S&R": "KSampler"
      },
      "widgets_values": [
        32603574575332,
        "fixed",
        20,
        8,
        "euler",
        "normal",
        1
      ]
    },
    {
      "id": 17,
      "type": "VAELoader",
      "pos": [
        1860,
        710
      ],
      "size": {
        "0": 315,
        "1": 58
      },
      "flags": {},
      "order": 0,
      "mode": 0,
      "outputs": [
        {
          "name": "VAE",
          "type": "VAE",
          "links": [
            15
          ],
          "shape": 3,
          "slot_index": 0
        }
      ],
      "properties": {
        "Node name for S&R": "VAELoader"
      },
      "widgets_values": [
        "vae-ft-mse-840000-ema-pruned.safetensors"
      ]
    },
    {
      "id": 59,
      "type": "Note",
      "pos": [
        660,
        20
      ],
      "size": {
        "0": 210,
        "1": 130
      },
      "flags": {},
      "order": 1,
      "mode": 0,
      "properties": {
        "text": ""
      },
      "widgets_values": [
        "The CR Current Frame node prints the current frame index to console so that you can see which frame is currently being processed"
      ],
      "color": "#233",
      "bgcolor": "#355"
    },
    {
      "id": 47,
      "type": "CheckpointLoaderSimple",
      "pos": [
        630,
        590
      ],
      "size": {
        "0": 380,
        "1": 100
      },
      "flags": {},
      "order": 2,
      "mode": 0,
      "outputs": [
        {
          "name": "MODEL",
          "type": "MODEL",
          "links": [
            53
          ],
          "shape": 3,
          "slot_index": 0
        },
        {
          "name": "CLIP",
          "type": "CLIP",
          "links": [
            54,
            55
          ],
          "shape": 3,
          "slot_index": 1
        },
        {
          "name": "VAE",
          "type": "VAE",
          "links": null,
          "shape": 3
        }
      ],
      "properties": {
        "Node name for S&R": "CheckpointLoaderSimple"
      },
      "widgets_values": [
        "SD1_5\\ComfyrollAnime_v1_fp16_pruned.safetensors"
      ]
    },
    {
      "id": 68,
      "type": "Note",
      "pos": [
        660,
        -100
      ],
      "size": {
        "0": 210,
        "1": 70
      },
      "flags": {},
      "order": 3,
      "mode": 0,
      "properties": {
        "text": ""
      },
      "widgets_values": [
        "Frames are processed in sequence starting from frame index 0"
      ],
      "color": "#233",
      "bgcolor": "#355"
    },
    {
      "id": 78,
      "type": "CR Integer To String",
      "pos": [
        660,
        330
      ],
      "size": {
        "0": 210,
        "1": 34
      },
      "flags": {},
      "order": 10,
      "mode": 0,
      "inputs": [
        {
          "name": "int_",
          "type": "INT",
          "link": 91,
          "widget": {
            "name": "int_",
            "config": [
              "INT",
              {
                "default": 0,
                "min": 0,
                "max": 18446744073709552000
              }
            ]
          }
        }
      ],
      "outputs": [
        {
          "name": "STRING",
          "type": "STRING",
          "links": [
            90
          ],
          "shape": 3,
          "slot_index": 0
        }
      ],
      "properties": {
        "Node name for S&R": "CR Integer To String"
      },
      "widgets_values": [
        0
      ]
    },
    {
      "id": 77,
      "type": "ShowText|pysssss",
      "pos": [
        660,
        420
      ],
      "size": {
        "0": 210,
        "1": 80
      },
      "flags": {},
      "order": 12,
      "mode": 0,
      "inputs": [
        {
          "name": "text",
          "type": "STRING",
          "link": 90
        }
      ],
      "outputs": [
        {
          "name": "STRING",
          "type": "STRING",
          "links": null,
          "shape": 6
        }
      ],
      "properties": {
        "Node name for S&R": "ShowText|pysssss"
      },
      "widgets_values": [
        "9"
      ]
    },
    {
      "id": 89,
      "type": "Note",
      "pos": [
        100,
        220
      ],
      "size": {
        "0": 210,
        "1": 170
      },
      "flags": {},
      "order": 4,
      "mode": 0,
      "properties": {
        "text": ""
      },
      "widgets_values": [
        "The primitive node increments the current_frame on each batch\n\nReset the value to 0 before each run\n\nIn normal workflows the Primitive node can replace the Animation Builder"
      ],
      "color": "#233",
      "bgcolor": "#355"
    },
    {
      "id": 16,
      "type": "VAEDecode",
      "pos": [
        1910,
        580
      ],
      "size": {
        "0": 210,
        "1": 46
      },
      "flags": {},
      "order": 16,
      "mode": 0,
      "inputs": [
        {
          "name": "samples",
          "type": "LATENT",
          "link": 14
        },
        {
          "name": "vae",
          "type": "VAE",
          "link": 15
        }
      ],
      "outputs": [
        {
          "name": "IMAGE",
          "type": "IMAGE",
          "links": [
            103
          ],
          "shape": 3,
          "slot_index": 0
        }
      ],
      "properties": {
        "Node name for S&R": "VAEDecode"
      }
    },
    {
      "id": 90,
      "type": "PreviewImage",
      "pos": [
        2250,
        580
      ],
      "size": {
        "0": 210,
        "1": 250
      },
      "flags": {},
      "order": 17,
      "mode": 0,
      "inputs": [
        {
          "name": "images",
          "type": "IMAGE",
          "link": 103
        }
      ],
      "properties": {
        "Node name for S&R": "PreviewImage"
      }
    },
    {
      "id": 25,
      "type": "CR Current Frame",
      "pos": [
        660,
        220
      ],
      "size": {
        "0": 210,
        "1": 58
      },
      "flags": {
        "collapsed": false
      },
      "order": 9,
      "mode": 0,
      "inputs": [
        {
          "name": "index",
          "type": "INT",
          "link": 102,
          "widget": {
            "name": "index",
            "config": [
              "INT",
              {
                "default": 1,
                "min": -10000,
                "max": 10000
              }
            ]
          }
        }
      ],
      "outputs": [
        {
          "name": "index",
          "type": "INT",
          "links": [
            91,
            105
          ],
          "shape": 3,
          "slot_index": 0
        }
      ],
      "properties": {
        "Node name for S&R": "CR Current Frame"
      },
      "widgets_values": [
        9,
        "Yes"
      ],
      "color": "#222",
      "bgcolor": "#000"
    },
    {
      "id": 91,
      "type": "CR Simple Text Scheduler",
      "pos": [
        940,
        220
      ],
      "size": {
        "0": 230,
        "1": 150
      },
      "flags": {},
      "order": 11,
      "mode": 0,
      "inputs": [
        {
          "name": "current_frame",
          "type": "INT",
          "link": 105,
          "widget": {
            "name": "current_frame",
            "config": [
              "INT",
              {
                "default": 0,
                "min": 0,
                "max": 9999,
                "step": 1
              }
            ]
          }
        }
      ],
      "outputs": [
        {
          "name": "STRING",
          "type": "STRING",
          "links": [
            106,
            107
          ],
          "shape": 3,
          "slot_index": 0
        }
      ],
      "properties": {
        "Node name for S&R": "CR Simple Text Scheduler"
      },
      "widgets_values": [
        "0, 1girl, long grey hair\n2, 1girl, long blue hair\n4, 1girl, long red hair,\n6, 1girl, long black hair\n8, 1girl, long pink hair",
        0
      ]
    },
    {
      "id": 84,
      "type": "ShowText|pysssss",
      "pos": [
        1210,
        220
      ],
      "size": {
        "0": 210,
        "1": 80
      },
      "flags": {},
      "order": 13,
      "mode": 0,
      "inputs": [
        {
          "name": "text",
          "type": "STRING",
          "link": 106
        }
      ],
      "outputs": [
        {
          "name": "STRING",
          "type": "STRING",
          "links": null,
          "shape": 6
        }
      ],
      "properties": {
        "Node name for S&R": "ShowText|pysssss"
      },
      "widgets_values": [
        "1girl, long pink hair"
      ]
    },
    {
      "id": 86,
      "type": "Note",
      "pos": [
        940,
        80
      ],
      "size": {
        "0": 210,
        "1": 70
      },
      "flags": {},
      "order": 5,
      "mode": 0,
      "properties": {
        "text": ""
      },
      "widgets_values": [
        "Simple value schedulers must have a line for frame 0"
      ],
      "color": "#233",
      "bgcolor": "#355"
    },
    {
      "id": 11,
      "type": "CLIPTextEncode",
      "pos": [
        1120,
        660
      ],
      "size": {
        "0": 210,
        "1": 60
      },
      "flags": {},
      "order": 14,
      "mode": 0,
      "inputs": [
        {
          "name": "clip",
          "type": "CLIP",
          "link": 54
        },
        {
          "name": "text",
          "type": "STRING",
          "link": 107,
          "widget": {
            "name": "text",
            "config": [
              "STRING",
              {
                "multiline": true
              }
            ]
          }
        }
      ],
      "outputs": [
        {
          "name": "CONDITIONING",
          "type": "CONDITIONING",
          "links": [
            8
          ],
          "shape": 3,
          "slot_index": 0
        }
      ],
      "properties": {
        "Node name for S&R": "CLIPTextEncode"
      },
      "widgets_values": [
        "1girl, period costume"
      ]
    },
    {
      "id": 12,
      "type": "CLIPTextEncode",
      "pos": [
        1120,
        770
      ],
      "size": {
        "0": 210,
        "1": 100
      },
      "flags": {},
      "order": 8,
      "mode": 0,
      "inputs": [
        {
          "name": "clip",
          "type": "CLIP",
          "link": 55
        }
      ],
      "outputs": [
        {
          "name": "CONDITIONING",
          "type": "CONDITIONING",
          "links": [
            9
          ],
          "shape": 3,
          "slot_index": 0
        }
      ],
      "properties": {
        "Node name for S&R": "CLIPTextEncode"
      },
      "widgets_values": [
        "embedding:EasyNegative,\nnsfw"
      ]
    },
    {
      "id": 88,
      "type": "PrimitiveNode",
      "pos": [
        360,
        220
      ],
      "size": {
        "0": 210,
        "1": 80
      },
      "flags": {},
      "order": 6,
      "mode": 0,
      "outputs": [
        {
          "name": "INT",
          "type": "INT",
          "links": [
            102
          ],
          "slot_index": 0,
          "widget": {
            "name": "index",
            "config": [
              "INT",
              {
                "default": 1,
                "min": -10000,
                "max": 10000
              }
            ]
          }
        }
      ],
      "properties": {},
      "widgets_values": [
        10,
        "increment"
      ]
    },
    {
      "id": 15,
      "type": "EmptyLatentImage",
      "pos": [
        1120,
        940
      ],
      "size": [
        210,
        110
      ],
      "flags": {},
      "order": 7,
      "mode": 0,
      "inputs": [],
      "outputs": [
        {
          "name": "LATENT",
          "type": "LATENT",
          "links": [
            13
          ],
          "shape": 3,
          "slot_index": 0
        }
      ],
      "properties": {
        "Node name for S&R": "EmptyLatentImage"
      },
      "widgets_values": [
        512,
        512,
        1
      ]
    }
  ],
  "links": [
    [
      8,
      11,
      0,
      13,
      1,
      "CONDITIONING"
    ],
    [
      9,
      12,
      0,
      13,
      2,
      "CONDITIONING"
    ],
    [
      13,
      15,
      0,
      13,
      3,
      "LATENT"
    ],
    [
      14,
      13,
      0,
      16,
      0,
      "LATENT"
    ],
    [
      15,
      17,
      0,
      16,
      1,
      "VAE"
    ],
    [
      53,
      47,
      0,
      13,
      0,
      "MODEL"
    ],
    [
      54,
      47,
      1,
      11,
      0,
      "CLIP"
    ],
    [
      55,
      47,
      1,
      12,
      0,
      "CLIP"
    ],
    [
      90,
      78,
      0,
      77,
      0,
      "STRING"
    ],
    [
      91,
      25,
      0,
      78,
      0,
      "INT"
    ],
    [
      102,
      88,
      0,
      25,
      0,
      "INT"
    ],
    [
      103,
      16,
      0,
      90,
      0,
      "IMAGE"
    ],
    [
      105,
      25,
      0,
      91,
      0,
      "INT"
    ],
    [
      106,
      91,
      0,
      84,
      0,
      "STRING"
    ],
    [
      107,
      91,
      0,
      11,
      1,
      "STRING"
    ]
  ],
  "groups": [],
  "config": {},
  "extra": {},
  "version": 0.4
}