{
  "last_node_id": 40,
  "last_link_id": 66,
  "nodes": [
    {
      "id": 38,
      "type": "VAEEncode",
      "pos": [
        1380,
        590
      ],
      "size": {
        "0": 210,
        "1": 46
      },
      "flags": {
        "collapsed": true
      },
      "order": 3,
      "mode": 0,
      "inputs": [
        {
          "name": "pixels",
          "type": "IMAGE",
          "link": 60
        },
        {
          "name": "vae",
          "type": "VAE",
          "link": 64
        }
      ],
      "outputs": [
        {
          "name": "LATENT",
          "type": "LATENT",
          "links": [
            59
          ],
          "shape": 3,
          "slot_index": 0
        }
      ],
      "properties": {
        "Node name for S&R": "VAEEncode"
      }
    },
    {
      "id": 37,
      "type": "CR Interpolate Latents",
      "pos": [
        1580,
        590
      ],
      "size": {
        "0": 250,
        "1": 102
      },
      "flags": {},
      "order": 5,
      "mode": 0,
      "inputs": [
        {
          "name": "latent1",
          "type": "LATENT",
          "link": 59
        },
        {
          "name": "latent2",
          "type": "LATENT",
          "link": 62
        }
      ],
      "outputs": [
        {
          "name": "LATENT",
          "type": "LATENT",
          "links": [
            55
          ],
          "shape": 3,
          "slot_index": 0
        }
      ],
      "properties": {
        "Node name for S&R": "CR Interpolate Latents"
      },
      "widgets_values": [
        0.5,
        "lerp"
      ],
      "color": "#222",
      "bgcolor": "#000"
    },
    {
      "id": 31,
      "type": "CR Load Flow Frames",
      "pos": [
        1000,
        480
      ],
      "size": {
        "0": 300,
        "1": 194
      },
      "flags": {},
      "order": 2,
      "mode": 0,
      "inputs": [
        {
          "name": "current_frame",
          "type": "INT",
          "link": 44,
          "widget": {
            "name": "current_frame",
            "config": [
              "INT",
              {
                "default": 0,
                "min": 0,
                "max": 10000
              }
            ]
          }
        }
      ],
      "outputs": [
        {
          "name": "current_image",
          "type": "IMAGE",
          "links": [
            57,
            60
          ],
          "shape": 3,
          "slot_index": 0
        },
        {
          "name": "previous_image",
          "type": "IMAGE",
          "links": [
            66
          ],
          "shape": 3,
          "slot_index": 1
        },
        {
          "name": "current_frame",
          "type": "INT",
          "links": [
            53
          ],
          "shape": 3,
          "slot_index": 2
        }
      ],
      "properties": {
        "Node name for S&R": "CR Load Flow Frames"
      },
      "widgets_values": [
        "TikTok_frames",
        "Index",
        0,
        0,
        "",
        "*.png"
      ],
      "color": "#222",
      "bgcolor": "#000"
    },
    {
      "id": 39,
      "type": "VAEEncode",
      "pos": [
        1380,
        650
      ],
      "size": {
        "0": 210,
        "1": 46
      },
      "flags": {
        "collapsed": true
      },
      "order": 4,
      "mode": 0,
      "inputs": [
        {
          "name": "pixels",
          "type": "IMAGE",
          "link": 66
        },
        {
          "name": "vae",
          "type": "VAE",
          "link": 63
        }
      ],
      "outputs": [
        {
          "name": "LATENT",
          "type": "LATENT",
          "links": [
            62
          ],
          "shape": 3,
          "slot_index": 0
        }
      ],
      "properties": {
        "Node name for S&R": "VAEEncode"
      }
    },
    {
      "id": 35,
      "type": "VAEDecode",
      "pos": [
        1910,
        620
      ],
      "size": {
        "0": 210,
        "1": 46
      },
      "flags": {
        "collapsed": true
      },
      "order": 6,
      "mode": 0,
      "inputs": [
        {
          "name": "samples",
          "type": "LATENT",
          "link": 55
        },
        {
          "name": "vae",
          "type": "VAE",
          "link": 65
        }
      ],
      "outputs": [
        {
          "name": "IMAGE",
          "type": "IMAGE",
          "links": [
            56
          ],
          "shape": 3,
          "slot_index": 0
        }
      ],
      "properties": {
        "Node name for S&R": "VAEDecode"
      }
    },
    {
      "id": 34,
      "type": "CR Output Flow Frames",
      "pos": [
        2110,
        480
      ],
      "size": {
        "0": 320,
        "1": 380
      },
      "flags": {},
      "order": 7,
      "mode": 0,
      "inputs": [
        {
          "name": "current_image",
          "type": "IMAGE",
          "link": 57
        },
        {
          "name": "interpolated_img",
          "type": "IMAGE",
          "link": 56
        },
        {
          "name": "current_frame",
          "type": "INT",
          "link": 53,
          "widget": {
            "name": "current_frame",
            "config": [
              "INT",
              {
                "default": 0,
                "min": 0,
                "max": 9999999
              }
            ]
          }
        }
      ],
      "properties": {
        "Node name for S&R": "CR Output Flow Frames"
      },
      "widgets_values": [
        "Video",
        "CR",
        0,
        ""
      ],
      "color": "#222",
      "bgcolor": "#000"
    },
    {
      "id": 40,
      "type": "VAELoader",
      "pos": [
        990,
        750
      ],
      "size": {
        "0": 315,
        "1": 58
      },
      "flags": {},
      "order": 0,
      "mode": 0,
      "outputs": [
        {
          "name": "VAE",
          "type": "VAE",
          "links": [
            63,
            64,
            65
          ],
          "shape": 3,
          "slot_index": 0
        }
      ],
      "properties": {
        "Node name for S&R": "VAELoader"
      },
      "widgets_values": [
        "vae-ft-mse-840000-ema-pruned.safetensors"
      ]
    },
    {
      "id": 2,
      "type": "PrimitiveNode",
      "pos": [
        730,
        480
      ],
      "size": {
        "0": 210,
        "1": 80
      },
      "flags": {},
      "order": 1,
      "mode": 0,
      "outputs": [
        {
          "name": "INT",
          "type": "INT",
          "links": [
            44
          ],
          "slot_index": 0,
          "widget": {
            "name": "current_frame",
            "config": [
              "INT",
              {
                "default": 0,
                "min": 0,
                "max": 10000
              }
            ]
          }
        }
      ],
      "properties": {},
      "widgets_values": [
        1,
        "increment"
      ]
    }
  ],
  "links": [
    [
      44,
      2,
      0,
      31,
      0,
      "INT"
    ],
    [
      53,
      31,
      2,
      34,
      2,
      "INT"
    ],
    [
      55,
      37,
      0,
      35,
      0,
      "LATENT"
    ],
    [
      56,
      35,
      0,
      34,
      1,
      "IMAGE"
    ],
    [
      57,
      31,
      0,
      34,
      0,
      "IMAGE"
    ],
    [
      59,
      38,
      0,
      37,
      0,
      "LATENT"
    ],
    [
      60,
      31,
      0,
      38,
      0,
      "IMAGE"
    ],
    [
      62,
      39,
      0,
      37,
      1,
      "LATENT"
    ],
    [
      63,
      40,
      0,
      39,
      1,
      "VAE"
    ],
    [
      64,
      40,
      0,
      38,
      1,
      "VAE"
    ],
    [
      65,
      40,
      0,
      35,
      1,
      "VAE"
    ],
    [
      66,
      31,
      1,
      39,
      0,
      "IMAGE"
    ]
  ],
  "groups": [],
  "config": {},
  "extra": {},
  "version": 0.4
}