{
  "last_node_id": 22,
  "last_link_id": 19,
  "nodes": [
    {
      "id": 16,
      "type": "LoadImage",
      "pos": [
        240,
        380
      ],
      "size": [
        320,
        310
      ],
      "flags": {},
      "order": 0,
      "mode": 0,
      "outputs": [
        {
          "name": "IMAGE",
          "type": "IMAGE",
          "links": [
            19
          ],
          "shape": 3,
          "slot_index": 0
        },
        {
          "name": "MASK",
          "type": "MASK",
          "links": null,
          "shape": 3
        }
      ],
      "properties": {
        "Node name for S&R": "LoadImage",
        "ttNbgOverride": {
          "color": "#222",
          "bgcolor": "#000",
          "groupcolor": "#444"
        }
      },
      "widgets_values": [
        "noise_00229_.png",
        "image"
      ],
      "color": "#222",
      "bgcolor": "#000"
    },
    {
      "id": 22,
      "type": "CR Seamless Checker",
      "pos": [
        630,
        380
      ],
      "size": {
        "0": 390,
        "1": 590
      },
      "flags": {},
      "order": 1,
      "mode": 0,
      "inputs": [
        {
          "name": "image",
          "type": "IMAGE",
          "link": 19
        }
      ],
      "outputs": [
        {
          "name": "show_help",
          "type": "STRING",
          "links": null,
          "shape": 3
        }
      ],
      "properties": {
        "Node name for S&R": "CR Seamless Checker"
      },
      "widgets_values": [
        0.5,
        "6x6"
      ],
      "color": "#222",
      "bgcolor": "#000"
    }
  ],
  "links": [
    [
      19,
      16,
      0,
      22,
      0,
      "IMAGE"
    ]
  ],
  "groups": [],
  "config": {},
  "extra": {},
  "version": 0.4
}