{
  "last_node_id": 18,
  "last_link_id": 21,
  "nodes": [
    {
      "id": 4,
      "type": "PreviewImage",
      "pos": [
        750,
        210
      ],
      "size": {
        "0": 230,
        "1": 250
      },
      "flags": {},
      "order": 4,
      "mode": 0,
      "inputs": [
        {
          "name": "images",
          "type": "IMAGE",
          "link": 4
        }
      ],
      "properties": {
        "Node name for S&R": "PreviewImage"
      }
    },
    {
      "id": 5,
      "type": "LoadImage",
      "pos": [
        -90,
        210
      ],
      "size": [
        320,
        310
      ],
      "flags": {},
      "order": 0,
      "mode": 0,
      "outputs": [
        {
          "name": "IMAGE",
          "type": "IMAGE",
          "links": [
            17
          ],
          "shape": 3,
          "slot_index": 0
        },
        {
          "name": "MASK",
          "type": "MASK",
          "links": null,
          "shape": 3
        }
      ],
      "properties": {
        "Node name for S&R": "LoadImage"
      },
      "widgets_values": [
        "ComfyUI_temp_ztrsj_00020_.png",
        "image"
      ]
    },
    {
      "id": 2,
      "type": "CR Simple Banner",
      "pos": [
        300,
        210
      ],
      "size": {
        "0": 400,
        "1": 312
      },
      "flags": {},
      "order": 2,
      "mode": 0,
      "inputs": [
        {
          "name": "image",
          "type": "IMAGE",
          "link": 17
        }
      ],
      "outputs": [
        {
          "name": "image",
          "type": "IMAGE",
          "links": [
            4
          ],
          "shape": 3,
          "slot_index": 0
        },
        {
          "name": "show_help",
          "type": "STRING",
          "links": null,
          "shape": 3
        }
      ],
      "properties": {
        "Node name for S&R": "CR Simple Banner"
      },
      "widgets_values": [
        "BANNER",
        "Oswald-Bold.ttf",
        1024,
        "pink",
        3,
        "red",
        20,
        "#00FF00",
        "#00FF00"
      ],
      "color": "#222",
      "bgcolor": "#000"
    },
    {
      "id": 18,
      "type": "PreviewImage",
      "pos": [
        754,
        -178
      ],
      "size": {
        "0": 230,
        "1": 250
      },
      "flags": {},
      "order": 5,
      "mode": 0,
      "inputs": [
        {
          "name": "images",
          "type": "IMAGE",
          "link": 20
        }
      ],
      "properties": {
        "Node name for S&R": "PreviewImage"
      }
    },
    {
      "id": 16,
      "type": "CR Color Panel",
      "pos": [
        -90,
        -180
      ],
      "size": {
        "0": 315,
        "1": 150
      },
      "flags": {},
      "order": 1,
      "mode": 0,
      "outputs": [
        {
          "name": "image",
          "type": "IMAGE",
          "links": [
            21
          ],
          "shape": 3,
          "slot_index": 0
        },
        {
          "name": "show_help",
          "type": "STRING",
          "links": null,
          "shape": 3
        }
      ],
      "properties": {
        "Node name for S&R": "CR Color Panel"
      },
      "widgets_values": [
        1024,
        512,
        "orange",
        "#000000"
      ]
    },
    {
      "id": 17,
      "type": "CR Simple Banner",
      "pos": [
        300,
        -180
      ],
      "size": {
        "0": 400,
        "1": 312
      },
      "flags": {},
      "order": 3,
      "mode": 0,
      "inputs": [
        {
          "name": "image",
          "type": "IMAGE",
          "link": 21
        }
      ],
      "outputs": [
        {
          "name": "image",
          "type": "IMAGE",
          "links": [
            20
          ],
          "shape": 3,
          "slot_index": 0
        },
        {
          "name": "show_help",
          "type": "STRING",
          "links": null,
          "shape": 3
        }
      ],
      "properties": {
        "Node name for S&R": "CR Simple Banner"
      },
      "widgets_values": [
        "BANNER",
        "Oswald-Bold.ttf",
        1024,
        "pink",
        20,
        "black",
        20,
        "#00FF00",
        "#00FF00"
      ],
      "color": "#222",
      "bgcolor": "#000"
    }
  ],
  "links": [
    [
      4,
      2,
      0,
      4,
      0,
      "IMAGE"
    ],
    [
      17,
      5,
      0,
      2,
      0,
      "IMAGE"
    ],
    [
      20,
      17,
      0,
      18,
      0,
      "IMAGE"
    ],
    [
      21,
      16,
      0,
      17,
      0,
      "IMAGE"
    ]
  ],
  "groups": [],
  "config": {},
  "extra": {},
  "version": 0.4
}