{
  "last_node_id": 18,
  "last_link_id": 27,
  "nodes": [
    {
      "id": 16,
      "type": "PreviewImage",
      "pos": [
        790,
        30
      ],
      "size": {
        "0": 270,
        "1": 360
      },
      "flags": {},
      "order": 5,
      "mode": 0,
      "inputs": [
        {
          "name": "images",
          "type": "IMAGE",
          "link": 23
        }
      ],
      "properties": {
        "Node name for S&R": "PreviewImage"
      }
    },
    {
      "id": 17,
      "type": "CR Simple Meme Template",
      "pos": [
        310,
        30
      ],
      "size": {
        "0": 400,
        "1": 362
      },
      "flags": {},
      "order": 4,
      "mode": 0,
      "inputs": [
        {
          "name": "image",
          "type": "IMAGE",
          "link": 24
        }
      ],
      "outputs": [
        {
          "name": "image",
          "type": "IMAGE",
          "links": [
            23
          ],
          "shape": 3,
          "slot_index": 0
        },
        {
          "name": "show_help",
          "type": "STRING",
          "links": null,
          "shape": 3
        }
      ],
      "properties": {
        "Node name for S&R": "CR Simple Meme Template"
      },
      "widgets_values": [
        "One Does Not Simply ... MEME IN COMFY",
        "text_top",
        "text_bottom",
        "impact.ttf",
        150,
        "white",
        "none",
        "black",
        "top and bottom",
        "#000000",
        "#000000"
      ],
      "color": "#222",
      "bgcolor": "#000"
    },
    {
      "id": 18,
      "type": "ImpactMakeImageBatch",
      "pos": [
        40,
        30
      ],
      "size": [
        180,
        90
      ],
      "flags": {},
      "order": 3,
      "mode": 0,
      "inputs": [
        {
          "name": "image1",
          "type": "IMAGE",
          "link": 25
        },
        {
          "name": "image2",
          "type": "IMAGE",
          "link": 26
        },
        {
          "name": "image3",
          "type": "IMAGE",
          "link": 27
        },
        {
          "name": "image4",
          "type": "IMAGE",
          "link": null
        }
      ],
      "outputs": [
        {
          "name": "IMAGE",
          "type": "IMAGE",
          "links": [
            24
          ],
          "shape": 3,
          "slot_index": 0
        }
      ],
      "properties": {
        "Node name for S&R": "ImpactMakeImageBatch"
      }
    },
    {
      "id": 4,
      "type": "LoadImage",
      "pos": [
        -750,
        10
      ],
      "size": {
        "0": 210,
        "1": 360
      },
      "flags": {},
      "order": 0,
      "mode": 0,
      "outputs": [
        {
          "name": "IMAGE",
          "type": "IMAGE",
          "links": [
            25
          ],
          "shape": 3,
          "slot_index": 0
        },
        {
          "name": "MASK",
          "type": "MASK",
          "links": null,
          "shape": 3
        }
      ],
      "properties": {
        "Node name for S&R": "LoadImage"
      },
      "widgets_values": [
        "SDXL10__00007_.png",
        "image"
      ]
    },
    {
      "id": 9,
      "type": "LoadImage",
      "pos": [
        -500,
        10
      ],
      "size": [
        210,
        360
      ],
      "flags": {},
      "order": 1,
      "mode": 0,
      "outputs": [
        {
          "name": "IMAGE",
          "type": "IMAGE",
          "links": [
            26
          ],
          "shape": 3,
          "slot_index": 0
        },
        {
          "name": "MASK",
          "type": "MASK",
          "links": null,
          "shape": 3
        }
      ],
      "properties": {
        "Node name for S&R": "LoadImage"
      },
      "widgets_values": [
        "SDXL10__00008_.png",
        "image"
      ]
    },
    {
      "id": 13,
      "type": "LoadImage",
      "pos": [
        -250,
        10
      ],
      "size": [
        210,
        360
      ],
      "flags": {},
      "order": 2,
      "mode": 0,
      "outputs": [
        {
          "name": "IMAGE",
          "type": "IMAGE",
          "links": [
            27
          ],
          "shape": 3,
          "slot_index": 0
        },
        {
          "name": "MASK",
          "type": "MASK",
          "links": null,
          "shape": 3
        }
      ],
      "properties": {
        "Node name for S&R": "LoadImage"
      },
      "widgets_values": [
        "SDXL10__00009_ (1).png",
        "image"
      ]
    }
  ],
  "links": [
    [
      23,
      17,
      0,
      16,
      0,
      "IMAGE"
    ],
    [
      24,
      18,
      0,
      17,
      0,
      "IMAGE"
    ],
    [
      25,
      4,
      0,
      18,
      0,
      "IMAGE"
    ],
    [
      26,
      9,
      0,
      18,
      1,
      "IMAGE"
    ],
    [
      27,
      13,
      0,
      18,
      2,
      "IMAGE"
    ]
  ],
  "groups": [],
  "config": {},
  "extra": {},
  "version": 0.4
}