{
  "last_node_id": 60,
  "last_link_id": 65,
  "nodes": [
    {
      "id": 9,
      "type": "LoadImage",
      "pos": [
        140,
        0
      ],
      "size": [
        320,
        310
      ],
      "flags": {},
      "order": 0,
      "mode": 0,
      "outputs": [
        {
          "name": "IMAGE",
          "type": "IMAGE",
          "links": [
            22
          ],
          "shape": 3,
          "slot_index": 0
        },
        {
          "name": "MASK",
          "type": "MASK",
          "links": null,
          "shape": 3
        }
      ],
      "properties": {
        "Node name for S&R": "LoadImage"
      },
      "widgets_values": [
        "SDXL_00006_.png",
        "image"
      ]
    },
    {
      "id": 35,
      "type": "SaveImage",
      "pos": [
        150,
        760
      ],
      "size": {
        "0": 320,
        "1": 270
      },
      "flags": {},
      "order": 2,
      "mode": 0,
      "inputs": [
        {
          "name": "images",
          "type": "IMAGE",
          "link": 37
        }
      ],
      "properties": {},
      "widgets_values": [
        "CR"
      ]
    },
    {
      "id": 21,
      "type": "CR Simple Meme Template",
      "pos": [
        130,
        390
      ],
      "size": {
        "0": 400,
        "1": 314
      },
      "flags": {},
      "order": 1,
      "mode": 0,
      "inputs": [
        {
          "name": "image",
          "type": "IMAGE",
          "link": 22
        }
      ],
      "outputs": [
        {
          "name": "image",
          "type": "IMAGE",
          "links": [
            37
          ],
          "shape": 3,
          "slot_index": 0
        },
        {
          "name": "show_help",
          "type": "STRING",
          "links": [],
          "shape": 3,
          "slot_index": 1
        }
      ],
      "properties": {
        "Node name for S&R": "CR Simple Meme Template"
      },
      "widgets_values": [
        "custom",
        "One Does Not Simply",
        "MEME IN COMFY",
        "impact.ttf",
        150,
        "white",
        "thick",
        "white",
        "no bars"
      ],
      "color": "#222",
      "bgcolor": "#000"
    }
  ],
  "links": [
    [
      22,
      9,
      0,
      21,
      0,
      "IMAGE"
    ],
    [
      37,
      21,
      0,
      35,
      0,
      "IMAGE"
    ]
  ],
  "groups": [],
  "config": {},
  "extra": {},
  "version": 0.4
}