{
  "last_node_id": 127,
  "last_link_id": 164,
  "nodes": [
    {
      "id": 114,
      "type": "ImageListToImageBatch",
      "pos": [
        1120,
        160
      ],
      "size": {
        "0": 210,
        "1": 26
      },
      "flags": {},
      "order": 7,
      "mode": 0,
      "inputs": [
        {
          "name": "images",
          "type": "IMAGE",
          "link": 145
        }
      ],
      "outputs": [
        {
          "name": "IMAGE",
          "type": "IMAGE",
          "links": [
            147
          ],
          "shape": 3,
          "slot_index": 0
        }
      ],
      "properties": {
        "Node name for S&R": "ImageListToImageBatch",
        "ttNbgOverride": {
          "color": "#222",
          "bgcolor": "#000",
          "groupcolor": "#444"
        }
      },
      "color": "#222",
      "bgcolor": "#000"
    },
    {
      "id": 123,
      "type": "CR Text List",
      "pos": [
        360,
        660
      ],
      "size": {
        "0": 320,
        "1": 130
      },
      "flags": {},
      "order": 4,
      "mode": 0,
      "inputs": [
        {
          "name": "multiline_text",
          "type": "STRING",
          "link": 164,
          "widget": {
            "name": "multiline_text"
          }
        }
      ],
      "outputs": [
        {
          "name": "STRING",
          "type": "STRING",
          "links": [
            156
          ],
          "shape": 6,
          "slot_index": 0
        },
        {
          "name": "show_help",
          "type": "STRING",
          "links": null,
          "shape": 3
        }
      ],
      "properties": {
        "Node name for S&R": "CR Text List",
        "ttNbgOverride": {
          "color": "#222",
          "bgcolor": "#000",
          "groupcolor": "#444"
        }
      },
      "widgets_values": [
        "text",
        0,
        1000
      ],
      "color": "#222",
      "bgcolor": "#000"
    },
    {
      "id": 124,
      "type": "CR Text List",
      "pos": [
        360,
        850
      ],
      "size": {
        "0": 320,
        "1": 130
      },
      "flags": {},
      "order": 5,
      "mode": 0,
      "inputs": [
        {
          "name": "multiline_text",
          "type": "STRING",
          "link": 163,
          "widget": {
            "name": "multiline_text"
          }
        }
      ],
      "outputs": [
        {
          "name": "STRING",
          "type": "STRING",
          "links": [
            157
          ],
          "shape": 6,
          "slot_index": 0
        },
        {
          "name": "show_help",
          "type": "STRING",
          "links": null,
          "shape": 3
        }
      ],
      "properties": {
        "Node name for S&R": "CR Text List",
        "ttNbgOverride": {
          "color": "#222",
          "bgcolor": "#000",
          "groupcolor": "#444"
        }
      },
      "widgets_values": [
        "text",
        0,
        1000
      ],
      "color": "#222",
      "bgcolor": "#000"
    },
    {
      "id": 46,
      "type": "CR Draw Shape",
      "pos": [
        750,
        160
      ],
      "size": {
        "0": 320,
        "1": 340
      },
      "flags": {},
      "order": 6,
      "mode": 0,
      "inputs": [
        {
          "name": "x_offset",
          "type": "INT",
          "link": 112,
          "widget": {
            "name": "x_offset"
          }
        },
        {
          "name": "shape_color_hex",
          "type": "STRING",
          "link": 156,
          "widget": {
            "name": "shape_color_hex"
          }
        },
        {
          "name": "bg_color_hex",
          "type": "STRING",
          "link": 157,
          "widget": {
            "name": "bg_color_hex"
          }
        },
        {
          "name": "zoom",
          "type": "FLOAT",
          "link": 160,
          "widget": {
            "name": "zoom"
          }
        }
      ],
      "outputs": [
        {
          "name": "IMAGE",
          "type": "IMAGE",
          "links": [
            145
          ],
          "shape": 3,
          "slot_index": 0
        },
        {
          "name": "show_help",
          "type": "STRING",
          "links": null,
          "shape": 3
        }
      ],
      "properties": {
        "Node name for S&R": "CR Draw Shape",
        "ttNbgOverride": {
          "color": "#222",
          "bgcolor": "#000",
          "groupcolor": "#444"
        }
      },
      "widgets_values": [
        512,
        512,
        "cross",
        "custom",
        "custom",
        0,
        0,
        1,
        0.75,
        "#00FF00",
        "#00FF00"
      ],
      "color": "#222",
      "bgcolor": "#000"
    },
    {
      "id": 96,
      "type": "CR Integer Range List",
      "pos": [
        340,
        100
      ],
      "size": {
        "0": 315,
        "1": 174
      },
      "flags": {},
      "order": 0,
      "mode": 0,
      "outputs": [
        {
          "name": "LIST",
          "type": "INT",
          "links": [
            112
          ],
          "shape": 6,
          "slot_index": 0
        },
        {
          "name": "show_help",
          "type": "STRING",
          "links": null,
          "shape": 3
        }
      ],
      "properties": {
        "Node name for S&R": "CR Integer Range List",
        "ttNbgOverride": {
          "color": "#222",
          "bgcolor": "#000",
          "groupcolor": "#444"
        }
      },
      "widgets_values": [
        0,
        200,
        20,
        8,
        true
      ],
      "color": "#222",
      "bgcolor": "#000"
    },
    {
      "id": 126,
      "type": "CR Float Range List",
      "pos": [
        340,
        330
      ],
      "size": {
        "0": 315,
        "1": 174
      },
      "flags": {},
      "order": 1,
      "mode": 0,
      "outputs": [
        {
          "name": "LIST",
          "type": "FLOAT",
          "links": [
            160
          ],
          "shape": 6,
          "slot_index": 0
        },
        {
          "name": "show_help",
          "type": "STRING",
          "links": null,
          "shape": 3
        }
      ],
      "properties": {
        "Node name for S&R": "CR Float Range List",
        "ttNbgOverride": {
          "color": "#222",
          "bgcolor": "#000",
          "groupcolor": "#444"
        }
      },
      "widgets_values": [
        0.5,
        2.5,
        0.2,
        8,
        true
      ],
      "color": "#222",
      "bgcolor": "#000"
    },
    {
      "id": 117,
      "type": "CR Random Multiline Values",
      "pos": [
        -60,
        620
      ],
      "size": {
        "0": 315,
        "1": 222
      },
      "flags": {},
      "order": 2,
      "mode": 0,
      "outputs": [
        {
          "name": "multiline_text",
          "type": "STRING",
          "links": [
            164
          ],
          "shape": 3,
          "slot_index": 0
        },
        {
          "name": "show_help",
          "type": "STRING",
          "links": null,
          "shape": 3
        }
      ],
      "properties": {
        "Node name for S&R": "CR Random Multiline Values",
        "ttNbgOverride": {
          "color": "#222",
          "bgcolor": "#000",
          "groupcolor": "#444"
        }
      },
      "widgets_values": [
        762669149878697,
        "randomize",
        "hex color",
        80,
        6,
        "123ABC",
        ""
      ],
      "color": "#222",
      "bgcolor": "#000"
    },
    {
      "id": 120,
      "type": "CR Random Multiline Values",
      "pos": [
        -60,
        900
      ],
      "size": {
        "0": 315,
        "1": 222
      },
      "flags": {},
      "order": 3,
      "mode": 0,
      "outputs": [
        {
          "name": "multiline_text",
          "type": "STRING",
          "links": [
            163
          ],
          "shape": 3,
          "slot_index": 0
        },
        {
          "name": "show_help",
          "type": "STRING",
          "links": null,
          "shape": 3
        }
      ],
      "properties": {
        "Node name for S&R": "CR Random Multiline Values",
        "ttNbgOverride": {
          "color": "#222",
          "bgcolor": "#000",
          "groupcolor": "#444"
        }
      },
      "widgets_values": [
        42647427897528,
        "randomize",
        "hex color",
        80,
        6,
        "123ABC",
        ""
      ],
      "color": "#222",
      "bgcolor": "#000"
    },
    {
      "id": 115,
      "type": "CR Thumbnail Preview",
      "pos": [
        1410,
        160
      ],
      "size": [
        600,
        830
      ],
      "flags": {},
      "order": 8,
      "mode": 0,
      "inputs": [
        {
          "name": "image",
          "type": "IMAGE",
          "link": 147
        }
      ],
      "outputs": [
        {
          "name": "show_help",
          "type": "STRING",
          "links": null,
          "shape": 3
        }
      ],
      "properties": {
        "Node name for S&R": "CR Thumbnail Preview",
        "ttNbgOverride": {
          "color": "#222",
          "bgcolor": "#000",
          "groupcolor": "#444"
        }
      },
      "widgets_values": [
        0.25,
        8
      ],
      "color": "#222",
      "bgcolor": "#000"
    }
  ],
  "links": [
    [
      112,
      96,
      0,
      46,
      0,
      "INT"
    ],
    [
      145,
      46,
      0,
      114,
      0,
      "IMAGE"
    ],
    [
      147,
      114,
      0,
      115,
      0,
      "IMAGE"
    ],
    [
      156,
      123,
      0,
      46,
      1,
      "STRING"
    ],
    [
      157,
      124,
      0,
      46,
      2,
      "STRING"
    ],
    [
      160,
      126,
      0,
      46,
      3,
      "FLOAT"
    ],
    [
      163,
      120,
      0,
      124,
      0,
      "STRING"
    ],
    [
      164,
      117,
      0,
      123,
      0,
      "STRING"
    ]
  ],
  "groups": [],
  "config": {},
  "extra": {},
  "version": 0.4
}