{
  "last_node_id": 7,
  "last_link_id": 6,
  "nodes": [
    {
      "id": 1,
      "type": "CR Text Input Switch",
      "pos": [
        758.0499725341797,
        607.1699645996096
      ],
      "size": {
        "0": 320,
        "1": 90
      },
      "flags": {},
      "order": 5,
      "mode": 0,
      "inputs": [
        {
          "name": "text1",
          "type": "STRING",
          "link": 1,
          "widget": {
            "name": "text1"
          }
        },
        {
          "name": "text2",
          "type": "STRING",
          "link": 2,
          "widget": {
            "name": "text2"
          }
        },
        {
          "name": "Input",
          "type": "INT",
          "link": 3,
          "widget": {
            "name": "Input"
          }
        }
      ],
      "outputs": [
        {
          "name": "STRING",
          "type": "STRING",
          "links": [
            4
          ],
          "shape": 3,
          "slot_index": 0
        },
        {
          "name": "show_help",
          "type": "STRING",
          "links": null,
          "shape": 3
        }
      ],
      "properties": {
        "Node name for S&R": "CR Text Input Switch",
        "ttNbgOverride": {
          "color": "#222",
          "bgcolor": "#000",
          "groupcolor": "#444"
        }
      },
      "widgets_values": [
        1,
        "",
        ""
      ],
      "color": "#222",
      "bgcolor": "#000"
    },
    {
      "id": 2,
      "type": "ShowText|pysssss",
      "pos": [
        1168.0499725341797,
        607.1699645996096
      ],
      "size": {
        "0": 320,
        "1": 230
      },
      "flags": {},
      "order": 6,
      "mode": 0,
      "inputs": [
        {
          "name": "text",
          "type": "STRING",
          "link": 4,
          "widget": {
            "name": "text"
          }
        }
      ],
      "outputs": [
        {
          "name": "STRING",
          "type": "STRING",
          "links": null,
          "shape": 6
        }
      ],
      "properties": {
        "Node name for S&R": "ShowText|pysssss",
        "ttNbgOverride": {
          "color": "#222",
          "bgcolor": "#000",
          "groupcolor": "#444"
        }
      },
      "widgets_values": [
        "abc",
        "xyz",
        "xyz",
        "abc"
      ],
      "color": "#222",
      "bgcolor": "#000"
    },
    {
      "id": 3,
      "type": "CR String To Number",
      "pos": [
        258.04997253417974,
        947.1699645996096
      ],
      "size": {
        "0": 290,
        "1": 120
      },
      "flags": {
        "collapsed": true
      },
      "order": 3,
      "mode": 0,
      "inputs": [
        {
          "name": "text",
          "type": "STRING",
          "link": 5,
          "widget": {
            "name": "text"
          }
        }
      ],
      "outputs": [
        {
          "name": "INT",
          "type": "INT",
          "links": [
            6
          ],
          "shape": 3,
          "slot_index": 0
        },
        {
          "name": "FLOAT",
          "type": "FLOAT",
          "links": null,
          "shape": 3
        },
        {
          "name": "show_help",
          "type": "STRING",
          "links": null,
          "shape": 3
        }
      ],
      "properties": {
        "Node name for S&R": "CR String To Number",
        "ttNbgOverride": {
          "color": "#222",
          "bgcolor": "#000",
          "groupcolor": "#444"
        }
      },
      "widgets_values": [
        "text",
        "round"
      ],
      "color": "#222",
      "bgcolor": "#000"
    },
    {
      "id": 4,
      "type": "CR Binary To Bit List",
      "pos": [
        258.04997253417974,
        777.1699645996096
      ],
      "size": {
        "0": 210,
        "1": 110
      },
      "flags": {},
      "order": 0,
      "mode": 0,
      "outputs": [
        {
          "name": "STRING",
          "type": "STRING",
          "links": [
            5
          ],
          "shape": 6,
          "slot_index": 0
        },
        {
          "name": "show_help",
          "type": "STRING",
          "links": null,
          "shape": 3
        }
      ],
      "properties": {
        "Node name for S&R": "CR Binary To Bit List",
        "ttNbgOverride": {
          "color": "#222",
          "bgcolor": "#000",
          "groupcolor": "#444"
        }
      },
      "widgets_values": [
        "0110"
      ],
      "color": "#222",
      "bgcolor": "#000"
    },
    {
      "id": 5,
      "type": "CR Index Increment",
      "pos": [
        498.04997253417974,
        947.1699645996096
      ],
      "size": {
        "0": 320,
        "1": 120
      },
      "flags": {
        "collapsed": true
      },
      "order": 4,
      "mode": 0,
      "inputs": [
        {
          "name": "index",
          "type": "INT",
          "link": 6,
          "widget": {
            "name": "index"
          }
        }
      ],
      "outputs": [
        {
          "name": "index",
          "type": "INT",
          "links": [
            3
          ],
          "shape": 3,
          "slot_index": 0
        },
        {
          "name": "interval",
          "type": "INT",
          "links": null,
          "shape": 3
        },
        {
          "name": "show_help",
          "type": "STRING",
          "links": null,
          "shape": 3
        }
      ],
      "properties": {
        "Node name for S&R": "CR Index Increment",
        "ttNbgOverride": {
          "color": "#222",
          "bgcolor": "#000",
          "groupcolor": "#444"
        }
      },
      "widgets_values": [
        1,
        1
      ],
      "color": "#222",
      "bgcolor": "#000"
    },
    {
      "id": 6,
      "type": "CR Text",
      "pos": [
        258.04997253417974,
        457.16996459960956
      ],
      "size": {
        "0": 310,
        "1": 95.99998474121094
      },
      "flags": {},
      "order": 1,
      "mode": 0,
      "outputs": [
        {
          "name": "text",
          "type": "STRING",
          "links": [
            1
          ],
          "shape": 3,
          "slot_index": 0
        },
        {
          "name": "show_help",
          "type": "STRING",
          "links": null,
          "shape": 3
        }
      ],
      "properties": {
        "Node name for S&R": "CR Text",
        "ttNbgOverride": {
          "color": "#222",
          "bgcolor": "#000",
          "groupcolor": "#444"
        }
      },
      "widgets_values": [
        "abc"
      ],
      "color": "#222",
      "bgcolor": "#000"
    },
    {
      "id": 7,
      "type": "CR Text",
      "pos": [
        258.04997253417974,
        607.1699645996096
      ],
      "size": {
        "0": 310,
        "1": 96.00003814697266
      },
      "flags": {},
      "order": 2,
      "mode": 0,
      "outputs": [
        {
          "name": "text",
          "type": "STRING",
          "links": [
            2
          ],
          "shape": 3,
          "slot_index": 0
        },
        {
          "name": "show_help",
          "type": "STRING",
          "links": null,
          "shape": 3
        }
      ],
      "properties": {
        "Node name for S&R": "CR Text",
        "ttNbgOverride": {
          "color": "#222",
          "bgcolor": "#000",
          "groupcolor": "#444"
        }
      },
      "widgets_values": [
        "xyz"
      ],
      "color": "#222",
      "bgcolor": "#000"
    }
  ],
  "links": [
    [
      1,
      6,
      0,
      1,
      0,
      "STRING"
    ],
    [
      2,
      7,
      0,
      1,
      1,
      "STRING"
    ],
    [
      3,
      5,
      0,
      1,
      2,
      "INT"
    ],
    [
      4,
      1,
      0,
      2,
      0,
      "STRING"
    ],
    [
      5,
      4,
      0,
      3,
      0,
      "STRING"
    ],
    [
      6,
      3,
      0,
      5,
      0,
      "INT"
    ]
  ],
  "groups": [],
  "config": {},
  "extra": {},
  "version": 0.4
}