{
  "last_node_id": 5,
  "last_link_id": 4,
  "nodes": [
    {
      "id": 3,
      "type": "CR Feathered Border",
      "pos": [
        1523.0502740052973,
        -104.83037926312556
      ],
      "size": {
        "0": 315,
        "1": 222
      },
      "flags": {},
      "order": 3,
      "mode": 0,
      "inputs": [
        {
          "name": "image",
          "type": "IMAGE",
          "link": 2
        }
      ],
      "outputs": [
        {
          "name": "image",
          "type": "IMAGE",
          "links": [
            1
          ],
          "shape": 3,
          "slot_index": 0
        },
        {
          "name": "show_help",
          "type": "STRING",
          "links": null,
          "shape": 3
        }
      ],
      "properties": {
        "Node name for S&R": "CR Feathered Border",
        "ttNbgOverride": {
          "color": "#222",
          "bgcolor": "#000",
          "groupcolor": "#444"
        }
      },
      "widgets_values": [
        500,
        0,
        0,
        0,
        "red",
        100,
        "#000000"
      ],
      "color": "#222",
      "bgcolor": "#000"
    },
    {
      "id": 5,
      "type": "ImpactMakeImageBatch",
      "pos": [
        1323.0502740052973,
        -104.83037926312556
      ],
      "size": {
        "0": 140,
        "1": 70
      },
      "flags": {},
      "order": 2,
      "mode": 0,
      "inputs": [
        {
          "name": "image1",
          "type": "IMAGE",
          "link": 3
        },
        {
          "name": "image2",
          "type": "IMAGE",
          "link": 4
        },
        {
          "name": "image3",
          "type": "IMAGE",
          "link": null
        }
      ],
      "outputs": [
        {
          "name": "IMAGE",
          "type": "IMAGE",
          "links": [
            2
          ],
          "shape": 3,
          "slot_index": 0
        }
      ],
      "properties": {
        "Node name for S&R": "ImpactMakeImageBatch",
        "ttNbgOverride": {
          "color": "#222",
          "bgcolor": "#000",
          "groupcolor": "#444"
        }
      },
      "color": "#222",
      "bgcolor": "#000"
    },
    {
      "id": 1,
      "type": "PreviewImage",
      "pos": [
        1910,
        -220
      ],
      "size": {
        "0": 510,
        "1": 460
      },
      "flags": {},
      "order": 4,
      "mode": 0,
      "inputs": [
        {
          "name": "images",
          "type": "IMAGE",
          "link": 1
        }
      ],
      "properties": {
        "Node name for S&R": "PreviewImage",
        "ttNbgOverride": {
          "color": "#222",
          "bgcolor": "#000",
          "groupcolor": "#444"
        }
      },
      "color": "#222",
      "bgcolor": "#000"
    },
    {
      "id": 4,
      "type": "LoadImage",
      "pos": [
        1050,
        -380
      ],
      "size": [
        210,
        310
      ],
      "flags": {},
      "order": 0,
      "mode": 0,
      "outputs": [
        {
          "name": "IMAGE",
          "type": "IMAGE",
          "links": [
            3
          ],
          "shape": 3,
          "slot_index": 0
        },
        {
          "name": "MASK",
          "type": "MASK",
          "links": null,
          "shape": 3
        }
      ],
      "properties": {
        "Node name for S&R": "LoadImage",
        "ttNbgOverride": {
          "color": "#222",
          "bgcolor": "#000",
          "groupcolor": "#444"
        }
      },
      "widgets_values": [
        "SDXL10__00015_ (2).png",
        "image"
      ],
      "color": "#222",
      "bgcolor": "#000"
    },
    {
      "id": 2,
      "type": "LoadImage",
      "pos": [
        1050,
        -10
      ],
      "size": [
        210,
        300
      ],
      "flags": {},
      "order": 1,
      "mode": 0,
      "outputs": [
        {
          "name": "IMAGE",
          "type": "IMAGE",
          "links": [
            4
          ],
          "shape": 3,
          "slot_index": 0
        },
        {
          "name": "MASK",
          "type": "MASK",
          "links": null,
          "shape": 3
        }
      ],
      "properties": {
        "Node name for S&R": "LoadImage",
        "ttNbgOverride": {
          "color": "#222",
          "bgcolor": "#000",
          "groupcolor": "#444"
        }
      },
      "widgets_values": [
        "SDXL10__00007_ (3).png",
        "image"
      ],
      "color": "#222",
      "bgcolor": "#000"
    }
  ],
  "links": [
    [
      1,
      3,
      0,
      1,
      0,
      "IMAGE"
    ],
    [
      2,
      5,
      0,
      3,
      0,
      "IMAGE"
    ],
    [
      3,
      4,
      0,
      5,
      0,
      "IMAGE"
    ],
    [
      4,
      2,
      0,
      5,
      1,
      "IMAGE"
    ]
  ],
  "groups": [],
  "config": {},
  "extra": {},
  "version": 0.4
}