{
  "last_node_id": 5,
  "last_link_id": 24,
  "nodes": [
    {
      "id": 5,
      "type": "LoadImage",
      "pos": [
        810,
        810
      ],
      "size": [
        320,
        310
      ],
      "flags": {},
      "order": 0,
      "mode": 0,
      "outputs": [
        {
          "name": "IMAGE",
          "type": "IMAGE",
          "links": [
            15,
            16,
            19,
            20,
            21,
            22
          ],
          "shape": 3,
          "slot_index": 0
        },
        {
          "name": "MASK",
          "type": "MASK",
          "links": null,
          "shape": 3
        }
      ],
      "properties": {
        "Node name for S&R": "LoadImage"
      },
      "widgets_values": [
        "SDXL10__00016_ (2).png",
        "image"
      ]
    },
    {
      "id": 3,
      "type": "LoadImage",
      "pos": [
        810,
        440
      ],
      "size": [
        320,
        310
      ],
      "flags": {},
      "order": 1,
      "mode": 0,
      "outputs": [
        {
          "name": "IMAGE",
          "type": "IMAGE",
          "links": [
            2,
            4,
            10,
            12,
            23,
            24
          ],
          "shape": 3,
          "slot_index": 0
        },
        {
          "name": "MASK",
          "type": "MASK",
          "links": null,
          "shape": 3
        }
      ],
      "properties": {
        "Node name for S&R": "LoadImage"
      },
      "widgets_values": [
        "SDXL10__00017_ (2) (11).png",
        "image"
      ]
    },
    {
      "id": 2,
      "type": "ImpactMakeImageBatch",
      "pos": [
        1240,
        440
      ],
      "size": {
        "0": 140,
        "1": 270
      },
      "flags": {},
      "order": 2,
      "mode": 0,
      "inputs": [
        {
          "name": "image1",
          "type": "IMAGE",
          "link": 2
        },
        {
          "name": "image2",
          "type": "IMAGE",
          "link": 15
        },
        {
          "name": "image3",
          "type": "IMAGE",
          "link": 4
        },
        {
          "name": "image4",
          "type": "IMAGE",
          "link": 16
        },
        {
          "name": "image5",
          "type": "IMAGE",
          "link": 21
        },
        {
          "name": "image6",
          "type": "IMAGE",
          "link": 23
        },
        {
          "name": "image7",
          "type": "IMAGE",
          "link": 22
        },
        {
          "name": "image8",
          "type": "IMAGE",
          "link": 24
        },
        {
          "name": "image9",
          "type": "IMAGE",
          "link": 10
        },
        {
          "name": "image10",
          "type": "IMAGE",
          "link": 19
        },
        {
          "name": "image11",
          "type": "IMAGE",
          "link": 12
        },
        {
          "name": "image12",
          "type": "IMAGE",
          "link": 20
        },
        {
          "name": "image13",
          "type": "IMAGE",
          "link": null
        }
      ],
      "outputs": [
        {
          "name": "IMAGE",
          "type": "IMAGE",
          "links": [
            1
          ],
          "shape": 3,
          "slot_index": 0
        }
      ],
      "properties": {
        "Node name for S&R": "ImpactMakeImageBatch"
      }
    },
    {
      "id": 1,
      "type": "CR Image Grid Panel",
      "pos": [
        1440,
        440
      ],
      "size": {
        "0": 315,
        "1": 198
      },
      "flags": {},
      "order": 3,
      "mode": 0,
      "inputs": [
        {
          "name": "images",
          "type": "IMAGE",
          "link": 1
        }
      ],
      "outputs": [
        {
          "name": "image",
          "type": "IMAGE",
          "links": [
            14
          ],
          "shape": 3,
          "slot_index": 0
        },
        {
          "name": "show_help",
          "type": "STRING",
          "links": null,
          "shape": 3
        }
      ],
      "properties": {
        "Node name for S&R": "CR Image Grid Panel"
      },
      "widgets_values": [
        10,
        "black",
        0,
        "white",
        4,
        "#000000"
      ],
      "color": "#222",
      "bgcolor": "#000"
    },
    {
      "id": 4,
      "type": "PreviewImage",
      "pos": [
        1810,
        440
      ],
      "size": [
        290,
        310
      ],
      "flags": {},
      "order": 4,
      "mode": 0,
      "inputs": [
        {
          "name": "images",
          "type": "IMAGE",
          "link": 14
        }
      ],
      "properties": {
        "Node name for S&R": "PreviewImage"
      }
    }
  ],
  "links": [
    [
      1,
      2,
      0,
      1,
      0,
      "IMAGE"
    ],
    [
      2,
      3,
      0,
      2,
      0,
      "IMAGE"
    ],
    [
      4,
      3,
      0,
      2,
      2,
      "IMAGE"
    ],
    [
      10,
      3,
      0,
      2,
      8,
      "IMAGE"
    ],
    [
      12,
      3,
      0,
      2,
      10,
      "IMAGE"
    ],
    [
      14,
      1,
      0,
      4,
      0,
      "IMAGE"
    ],
    [
      15,
      5,
      0,
      2,
      1,
      "IMAGE"
    ],
    [
      16,
      5,
      0,
      2,
      3,
      "IMAGE"
    ],
    [
      19,
      5,
      0,
      2,
      9,
      "IMAGE"
    ],
    [
      20,
      5,
      0,
      2,
      11,
      "IMAGE"
    ],
    [
      21,
      5,
      0,
      2,
      4,
      "IMAGE"
    ],
    [
      22,
      5,
      0,
      2,
      6,
      "IMAGE"
    ],
    [
      23,
      3,
      0,
      2,
      5,
      "IMAGE"
    ],
    [
      24,
      3,
      0,
      2,
      7,
      "IMAGE"
    ]
  ],
  "groups": [],
  "config": {},
  "extra": {},
  "version": 0.4
}