{
  "last_node_id": 16,
  "last_link_id": 16,
  "nodes": [
    {
      "id": 4,
      "type": "PreviewImage",
      "pos": [
        1090,
        350
      ],
      "size": {
        "0": 210,
        "1": 250
      },
      "flags": {},
      "order": 7,
      "mode": 0,
      "inputs": [
        {
          "name": "images",
          "type": "IMAGE",
          "link": 3
        }
      ],
      "properties": {
        "Node name for S&R": "PreviewImage"
      }
    },
    {
      "id": 2,
      "type": "LoadImage",
      "pos": [
        200,
        210
      ],
      "size": [
        320,
        310
      ],
      "flags": {},
      "order": 0,
      "mode": 0,
      "outputs": [
        {
          "name": "IMAGE",
          "type": "IMAGE",
          "links": [
            2
          ],
          "shape": 3,
          "slot_index": 0
        },
        {
          "name": "MASK",
          "type": "MASK",
          "links": null,
          "shape": 3
        }
      ],
      "properties": {
        "Node name for S&R": "LoadImage"
      },
      "widgets_values": [
        "Test_00001_ (2).png",
        "image"
      ]
    },
    {
      "id": 1,
      "type": "CR Overlay Transparent Image",
      "pos": [
        670,
        350
      ],
      "size": {
        "0": 370,
        "1": 170
      },
      "flags": {},
      "order": 5,
      "mode": 0,
      "inputs": [
        {
          "name": "back_image",
          "type": "IMAGE",
          "link": 2
        },
        {
          "name": "overlay_image",
          "type": "IMAGE",
          "link": 1
        },
        {
          "name": "rotation_angle",
          "type": "FLOAT",
          "link": 10,
          "widget": {
            "name": "rotation_angle"
          }
        }
      ],
      "outputs": [
        {
          "name": "IMAGE",
          "type": "IMAGE",
          "links": [
            3
          ],
          "shape": 3,
          "slot_index": 0
        }
      ],
      "properties": {
        "Node name for S&R": "CR Overlay Transparent Image"
      },
      "widgets_values": [
        0.5,
        0,
        0,
        45,
        0.5
      ],
      "color": "#222",
      "bgcolor": "#000"
    },
    {
      "id": 7,
      "type": "ShowText|pysssss",
      "pos": [
        890,
        -110
      ],
      "size": {
        "0": 230,
        "1": 80
      },
      "flags": {},
      "order": 8,
      "mode": 0,
      "inputs": [
        {
          "name": "text",
          "type": "STRING",
          "link": 15,
          "widget": {
            "name": "text"
          }
        }
      ],
      "outputs": [
        {
          "name": "STRING",
          "type": "STRING",
          "links": null,
          "shape": 6
        }
      ],
      "properties": {
        "Node name for S&R": "ShowText|pysssss"
      },
      "widgets_values": [
        "735.0"
      ]
    },
    {
      "id": 3,
      "type": "LoadImage",
      "pos": [
        200,
        590
      ],
      "size": [
        320,
        310
      ],
      "flags": {},
      "order": 1,
      "mode": 0,
      "outputs": [
        {
          "name": "IMAGE",
          "type": "IMAGE",
          "links": [
            1
          ],
          "shape": 3,
          "slot_index": 0
        },
        {
          "name": "MASK",
          "type": "MASK",
          "links": null,
          "shape": 3
        }
      ],
      "properties": {
        "Node name for S&R": "LoadImage"
      },
      "widgets_values": [
        "Test_00006_ (2).png",
        "image"
      ]
    },
    {
      "id": 14,
      "type": "Note",
      "pos": [
        -190,
        40
      ],
      "size": [
        210,
        150
      ],
      "flags": {},
      "order": 2,
      "mode": 0,
      "properties": {
        "text": ""
      },
      "widgets_values": [
        "Reset to 0 after each run\n\nTo autorun, tick Extra Options, set batch Count to 1, and tick Auto Queue then press Queue Prompt\n\nTo stop, untick Auto Queue"
      ],
      "color": "#233",
      "bgcolor": "#355"
    },
    {
      "id": 10,
      "type": "CR Increment Float",
      "pos": [
        180,
        -110
      ],
      "size": {
        "0": 320,
        "1": 170
      },
      "flags": {},
      "order": 4,
      "mode": 0,
      "inputs": [
        {
          "name": "current_frame",
          "type": "INT",
          "link": 8,
          "widget": {
            "name": "current_frame"
          }
        }
      ],
      "outputs": [
        {
          "name": "FLOAT",
          "type": "FLOAT",
          "links": [
            10,
            16
          ],
          "shape": 3,
          "slot_index": 0
        },
        {
          "name": "show_help",
          "type": "STRING",
          "links": null,
          "shape": 3
        }
      ],
      "properties": {
        "Node name for S&R": "CR Increment Float"
      },
      "widgets_values": [
        0,
        5,
        0,
        1000,
        0
      ]
    },
    {
      "id": 16,
      "type": "CR Float To String",
      "pos": [
        560,
        -110
      ],
      "size": [
        270,
        80
      ],
      "flags": {},
      "order": 6,
      "mode": 0,
      "inputs": [
        {
          "name": "float_",
          "type": "FLOAT",
          "link": 16,
          "widget": {
            "name": "float_"
          }
        }
      ],
      "outputs": [
        {
          "name": "STRING",
          "type": "STRING",
          "links": [
            15
          ],
          "shape": 3,
          "slot_index": 0
        },
        {
          "name": "show_help",
          "type": "STRING",
          "links": null,
          "shape": 3
        }
      ],
      "properties": {
        "Node name for S&R": "CR Float To String"
      },
      "widgets_values": [
        0
      ]
    },
    {
      "id": 5,
      "type": "PrimitiveNode",
      "pos": [
        -190,
        -110
      ],
      "size": {
        "0": 210,
        "1": 80
      },
      "flags": {},
      "order": 3,
      "mode": 0,
      "outputs": [
        {
          "name": "INT",
          "type": "INT",
          "links": [
            8
          ],
          "slot_index": 0,
          "widget": {
            "name": "current_frame"
          }
        }
      ],
      "properties": {},
      "widgets_values": [
        0,
        "increment"
      ]
    }
  ],
  "links": [
    [
      1,
      3,
      0,
      1,
      1,
      "IMAGE"
    ],
    [
      2,
      2,
      0,
      1,
      0,
      "IMAGE"
    ],
    [
      3,
      1,
      0,
      4,
      0,
      "IMAGE"
    ],
    [
      8,
      5,
      0,
      10,
      0,
      "INT"
    ],
    [
      10,
      10,
      0,
      1,
      2,
      "FLOAT"
    ],
    [
      15,
      16,
      0,
      7,
      0,
      "STRING"
    ],
    [
      16,
      10,
      0,
      16,
      0,
      "FLOAT"
    ]
  ],
  "groups": [],
  "config": {},
  "extra": {},
  "version": 0.4
}