{
  "last_node_id": 43,
  "last_link_id": 53,
  "nodes": [
    {
      "id": 35,
      "type": "Convert Masks to Images",
      "pos": [
        1020,
        540
      ],
      "size": {
        "0": 210,
        "1": 26
      },
      "flags": {},
      "order": 1,
      "mode": 0,
      "inputs": [
        {
          "name": "masks",
          "type": "MASK",
          "link": 52
        }
      ],
      "outputs": [
        {
          "name": "IMAGES",
          "type": "IMAGE",
          "links": [
            33
          ],
          "shape": 3,
          "slot_index": 0
        }
      ],
      "properties": {
        "Node name for S&R": "Convert Masks to Images",
        "ttNbgOverride": {
          "color": "#222",
          "bgcolor": "#000",
          "groupcolor": "#444"
        }
      },
      "color": "#222",
      "bgcolor": "#000"
    },
    {
      "id": 36,
      "type": "CR Integer To String",
      "pos": [
        1000,
        640
      ],
      "size": {
        "0": 250,
        "1": 54
      },
      "flags": {},
      "order": 2,
      "mode": 0,
      "inputs": [
        {
          "name": "int_",
          "type": "INT",
          "link": 53,
          "widget": {
            "name": "int_"
          }
        }
      ],
      "outputs": [
        {
          "name": "STRING",
          "type": "STRING",
          "links": [
            50
          ],
          "shape": 3,
          "slot_index": 0
        },
        {
          "name": "show_help",
          "type": "STRING",
          "links": null,
          "shape": 3
        }
      ],
      "properties": {
        "Node name for S&R": "CR Integer To String",
        "ttNbgOverride": {
          "color": "#222",
          "bgcolor": "#000",
          "groupcolor": "#444"
        }
      },
      "widgets_values": [
        0
      ],
      "color": "#222",
      "bgcolor": "#000"
    },
    {
      "id": 43,
      "type": "CR Load Image List Plus",
      "pos": [
        650,
        470
      ],
      "size": {
        "0": 315,
        "1": 250
      },
      "flags": {},
      "order": 0,
      "mode": 0,
      "outputs": [
        {
          "name": "IMAGE",
          "type": "IMAGE",
          "links": [
            51
          ],
          "shape": 6,
          "slot_index": 0
        },
        {
          "name": "MASK",
          "type": "MASK",
          "links": [
            52
          ],
          "shape": 6,
          "slot_index": 1
        },
        {
          "name": "index",
          "type": "INT",
          "links": [
            53
          ],
          "shape": 6,
          "slot_index": 2
        },
        {
          "name": "width",
          "type": "INT",
          "links": null,
          "shape": 3
        },
        {
          "name": "height",
          "type": "INT",
          "links": null,
          "shape": 3
        },
        {
          "name": "list_length",
          "type": "INT",
          "links": null,
          "shape": 3
        },
        {
          "name": "show_help",
          "type": "STRING",
          "links": null,
          "shape": 3
        }
      ],
      "properties": {
        "Node name for S&R": "CR Load Image List Plus",
        "ttNbgOverride": {
          "color": "#222",
          "bgcolor": "#000",
          "groupcolor": "#444"
        }
      },
      "widgets_values": [
        "Test4",
        0,
        9,
        ""
      ],
      "color": "#222",
      "bgcolor": "#000"
    },
    {
      "id": 32,
      "type": "CR Image Panel",
      "pos": [
        1280,
        470
      ],
      "size": [
        270,
        240
      ],
      "flags": {},
      "order": 3,
      "mode": 0,
      "inputs": [
        {
          "name": "image_1",
          "type": "IMAGE",
          "link": 51
        },
        {
          "name": "image_2",
          "type": "IMAGE",
          "link": 33
        },
        {
          "name": "image_3",
          "type": "IMAGE",
          "link": null
        },
        {
          "name": "image_4",
          "type": "IMAGE",
          "link": null
        }
      ],
      "outputs": [
        {
          "name": "image",
          "type": "IMAGE",
          "links": [
            48
          ],
          "shape": 3,
          "slot_index": 0
        },
        {
          "name": "show_help",
          "type": "STRING",
          "links": null,
          "shape": 3
        }
      ],
      "properties": {
        "Node name for S&R": "CR Image Panel",
        "ttNbgOverride": {
          "color": "#222",
          "bgcolor": "#000",
          "groupcolor": "#444"
        }
      },
      "widgets_values": [
        0,
        "custom",
        0,
        "white",
        "horizontal",
        "#000000"
      ],
      "color": "#222",
      "bgcolor": "#000"
    },
    {
      "id": 42,
      "type": "CR Simple Meme Template",
      "pos": [
        1600,
        470
      ],
      "size": [
        320,
        350
      ],
      "flags": {},
      "order": 4,
      "mode": 0,
      "inputs": [
        {
          "name": "image",
          "type": "IMAGE",
          "link": 48
        },
        {
          "name": "text_bottom",
          "type": "STRING",
          "link": 50,
          "widget": {
            "name": "text_bottom"
          }
        }
      ],
      "outputs": [
        {
          "name": "image",
          "type": "IMAGE",
          "links": [
            49
          ],
          "shape": 3,
          "slot_index": 0
        },
        {
          "name": "show_help",
          "type": "STRING",
          "links": null,
          "shape": 3
        }
      ],
      "properties": {
        "Node name for S&R": "CR Simple Meme Template",
        "ttNbgOverride": {
          "color": "#222",
          "bgcolor": "#000",
          "groupcolor": "#444"
        }
      },
      "widgets_values": [
        "custom",
        " ",
        "text_bottom",
        "Roboto-Regular.ttf",
        80,
        "white",
        "none",
        "black",
        "bottom",
        "#000000",
        "#000000"
      ],
      "color": "#222",
      "bgcolor": "#000"
    },
    {
      "id": 28,
      "type": "PreviewImage",
      "pos": [
        1980,
        470
      ],
      "size": [
        470,
        310
      ],
      "flags": {},
      "order": 5,
      "mode": 0,
      "inputs": [
        {
          "name": "images",
          "type": "IMAGE",
          "link": 49
        }
      ],
      "properties": {
        "Node name for S&R": "PreviewImage",
        "ttNbgOverride": {
          "color": "#222",
          "bgcolor": "#000",
          "groupcolor": "#444"
        }
      },
      "color": "#222",
      "bgcolor": "#000"
    }
  ],
  "links": [
    [
      33,
      35,
      0,
      32,
      1,
      "IMAGE"
    ],
    [
      48,
      32,
      0,
      42,
      0,
      "IMAGE"
    ],
    [
      49,
      42,
      0,
      28,
      0,
      "IMAGE"
    ],
    [
      50,
      36,
      0,
      42,
      1,
      "STRING"
    ],
    [
      51,
      43,
      0,
      32,
      0,
      "IMAGE"
    ],
    [
      52,
      43,
      1,
      35,
      0,
      "MASK"
    ],
    [
      53,
      43,
      2,
      36,
      0,
      "INT"
    ]
  ],
  "groups": [],
  "config": {},
  "extra": {},
  "version": 0.4
}