{
  "last_node_id": 81,
  "last_link_id": 180,
  "nodes": [
    {
      "id": 61,
      "type": "ShowText|pysssss",
      "pos": [
        1250,
        460
      ],
      "size": {
        "0": 250,
        "1": 260
      },
      "flags": {},
      "order": 15,
      "mode": 0,
      "inputs": [
        {
          "name": "text",
          "type": "STRING",
          "link": 170,
          "widget": {
            "name": "text"
          }
        }
      ],
      "outputs": [
        {
          "name": "STRING",
          "type": "STRING",
          "links": null,
          "shape": 6
        }
      ],
      "properties": {
        "Node name for S&R": "ShowText|pysssss",
        "ttNbgOverride": {
          "color": "#222",
          "bgcolor": "#000",
          "groupcolor": "#444"
        }
      },
      "widgets_values": [
        "name,age,city\nJohn Doe,25,New York\nJane Smith,30,San Francisco\nMike Johnson,22,Los Angeles"
      ],
      "color": "#222",
      "bgcolor": "#000"
    },
    {
      "id": 65,
      "type": "ShowText|pysssss",
      "pos": [
        1260.4973999999988,
        -243.92300000000006
      ],
      "size": {
        "0": 250,
        "1": 260
      },
      "flags": {},
      "order": 10,
      "mode": 0,
      "inputs": [
        {
          "name": "text",
          "type": "STRING",
          "link": 172,
          "widget": {
            "name": "text"
          }
        }
      ],
      "outputs": [
        {
          "name": "STRING",
          "type": "STRING",
          "links": null,
          "shape": 6
        }
      ],
      "properties": {
        "Node name for S&R": "ShowText|pysssss",
        "ttNbgOverride": {
          "color": "#222",
          "bgcolor": "#000",
          "groupcolor": "#444"
        }
      },
      "widgets_values": [
        "John Doe\nJane Smith\nMike Johnson"
      ],
      "color": "#222",
      "bgcolor": "#000"
    },
    {
      "id": 71,
      "type": "ShowText|pysssss",
      "pos": [
        430.49739999999963,
        -243.92300000000006
      ],
      "size": [
        250,
        260
      ],
      "flags": {},
      "order": 11,
      "mode": 0,
      "inputs": [
        {
          "name": "text",
          "type": "STRING",
          "link": 175,
          "widget": {
            "name": "text"
          }
        }
      ],
      "outputs": [
        {
          "name": "STRING",
          "type": "STRING",
          "links": null,
          "shape": 6
        }
      ],
      "properties": {
        "Node name for S&R": "ShowText|pysssss",
        "ttNbgOverride": {
          "color": "#222",
          "bgcolor": "#000",
          "groupcolor": "#444"
        }
      },
      "widgets_values": [
        "John Doe\nJane Smith\nMike Johnson"
      ],
      "color": "#222",
      "bgcolor": "#000"
    },
    {
      "id": 69,
      "type": "ShowText|pysssss",
      "pos": [
        430,
        820
      ],
      "size": {
        "0": 250,
        "1": 250
      },
      "flags": {},
      "order": 17,
      "mode": 0,
      "inputs": [
        {
          "name": "text",
          "type": "STRING",
          "link": 174,
          "widget": {
            "name": "text"
          }
        }
      ],
      "outputs": [
        {
          "name": "STRING",
          "type": "STRING",
          "links": null,
          "shape": 6
        }
      ],
      "properties": {
        "Node name for S&R": "ShowText|pysssss",
        "ttNbgOverride": {
          "color": "#222",
          "bgcolor": "#000",
          "groupcolor": "#444"
        }
      },
      "widgets_values": [
        "Accent\nAccent_r\nBlues\nBlues_r\nBrBG\nBrBG_r"
      ],
      "color": "#222",
      "bgcolor": "#000"
    },
    {
      "id": 64,
      "type": "CR Multiline Text",
      "pos": [
        760.4974000000004,
        -243.92300000000006
      ],
      "size": [
        390,
        240
      ],
      "flags": {},
      "order": 0,
      "mode": 0,
      "outputs": [
        {
          "name": "multiline_text",
          "type": "STRING",
          "links": [
            172
          ],
          "shape": 3,
          "slot_index": 0
        },
        {
          "name": "show_help",
          "type": "STRING",
          "links": null,
          "shape": 3
        }
      ],
      "properties": {
        "Node name for S&R": "CR Multiline Text",
        "ttNbgOverride": {
          "color": "#222",
          "bgcolor": "#000",
          "groupcolor": "#444"
        }
      },
      "widgets_values": [
        "'John Doe'\n'Jane Smith'\n'Mike Johnson'",
        true,
        "'",
        false,
        "",
        false
      ],
      "color": "#222",
      "bgcolor": "#000"
    },
    {
      "id": 79,
      "type": "ShowText|pysssss",
      "pos": [
        1250,
        110
      ],
      "size": [
        250,
        260
      ],
      "flags": {},
      "order": 12,
      "mode": 0,
      "inputs": [
        {
          "name": "text",
          "type": "STRING",
          "link": 179,
          "widget": {
            "name": "text"
          }
        }
      ],
      "outputs": [
        {
          "name": "STRING",
          "type": "STRING",
          "links": null,
          "shape": 6
        }
      ],
      "properties": {
        "Node name for S&R": "ShowText|pysssss",
        "ttNbgOverride": {
          "color": "#222",
          "bgcolor": "#000",
          "groupcolor": "#444"
        }
      },
      "widgets_values": [
        "name\nage\ncity\nJohn Doe\n25\nNew York\nJane Smith\n30\nSan Francisco\nMike Johnson\n22\nLos Angeles"
      ],
      "color": "#222",
      "bgcolor": "#000"
    },
    {
      "id": 81,
      "type": "ShowText|pysssss",
      "pos": [
        430,
        110
      ],
      "size": [
        250,
        260
      ],
      "flags": {},
      "order": 13,
      "mode": 0,
      "inputs": [
        {
          "name": "text",
          "type": "STRING",
          "link": 180,
          "widget": {
            "name": "text"
          }
        }
      ],
      "outputs": [
        {
          "name": "STRING",
          "type": "STRING",
          "links": null,
          "shape": 6
        }
      ],
      "properties": {
        "Node name for S&R": "ShowText|pysssss",
        "ttNbgOverride": {
          "color": "#222",
          "bgcolor": "#000",
          "groupcolor": "#444"
        }
      },
      "widgets_values": [
        "name\nage\ncity\nJohn Doe\n25\nNew York\nJane Smith\n30\nSan Francisco\nMike Johnson\n22\nLos Angeles"
      ],
      "color": "#222",
      "bgcolor": "#000"
    },
    {
      "id": 70,
      "type": "CR Multiline Text",
      "pos": [
        -80,
        -240
      ],
      "size": [
        410,
        240
      ],
      "flags": {},
      "order": 1,
      "mode": 0,
      "outputs": [
        {
          "name": "multiline_text",
          "type": "STRING",
          "links": [
            175
          ],
          "shape": 3,
          "slot_index": 0
        },
        {
          "name": "show_help",
          "type": "STRING",
          "links": null,
          "shape": 3
        }
      ],
      "properties": {
        "Node name for S&R": "CR Multiline Text",
        "ttNbgOverride": {
          "color": "#222",
          "bgcolor": "#000",
          "groupcolor": "#444"
        }
      },
      "widgets_values": [
        "\"John Doe\"\n\"Jane Smith\"\n\"Mike Johnson\"",
        true,
        "\"",
        false,
        "",
        false
      ],
      "color": "#222",
      "bgcolor": "#000"
    },
    {
      "id": 78,
      "type": "CR Multiline Text",
      "pos": [
        750,
        110
      ],
      "size": {
        "0": 400,
        "1": 250
      },
      "flags": {},
      "order": 2,
      "mode": 0,
      "outputs": [
        {
          "name": "multiline_text",
          "type": "STRING",
          "links": [
            179
          ],
          "shape": 3,
          "slot_index": 0
        },
        {
          "name": "show_help",
          "type": "STRING",
          "links": null,
          "shape": 3
        }
      ],
      "properties": {
        "Node name for S&R": "CR Multiline Text",
        "ttNbgOverride": {
          "color": "#222",
          "bgcolor": "#000",
          "groupcolor": "#444"
        }
      },
      "widgets_values": [
        "'name','age','city'\n'John Doe',25,'New York'\n'Jane Smith',30,'San Francisco'\n'Mike Johnson',22,'Los Angeles'",
        true,
        "'",
        false,
        "'",
        false
      ],
      "color": "#222",
      "bgcolor": "#000"
    },
    {
      "id": 80,
      "type": "CR Multiline Text",
      "pos": [
        -70,
        110
      ],
      "size": {
        "0": 400,
        "1": 250
      },
      "flags": {},
      "order": 3,
      "mode": 0,
      "outputs": [
        {
          "name": "multiline_text",
          "type": "STRING",
          "links": [
            180
          ],
          "shape": 3,
          "slot_index": 0
        },
        {
          "name": "show_help",
          "type": "STRING",
          "links": null,
          "shape": 3
        }
      ],
      "properties": {
        "Node name for S&R": "CR Multiline Text",
        "ttNbgOverride": {
          "color": "#222",
          "bgcolor": "#000",
          "groupcolor": "#444"
        }
      },
      "widgets_values": [
        "\"name\",\"age\",\"city\"\n\"John Doe\",25,\"New York\"\n\"Jane Smith\",30,\"San Francisco\"\n\"Mike Johnson\",22,\"Los Angeles\"",
        true,
        "\"",
        false,
        "\"",
        false
      ],
      "color": "#222",
      "bgcolor": "#000"
    },
    {
      "id": 73,
      "type": "ShowText|pysssss",
      "pos": [
        430,
        460
      ],
      "size": [
        250,
        260
      ],
      "flags": {},
      "order": 14,
      "mode": 0,
      "inputs": [
        {
          "name": "text",
          "type": "STRING",
          "link": 176,
          "widget": {
            "name": "text"
          }
        }
      ],
      "outputs": [
        {
          "name": "STRING",
          "type": "STRING",
          "links": null,
          "shape": 6
        }
      ],
      "properties": {
        "Node name for S&R": "ShowText|pysssss",
        "ttNbgOverride": {
          "color": "#222",
          "bgcolor": "#000",
          "groupcolor": "#444"
        }
      },
      "widgets_values": [
        "name,age,city\nJohn Doe,25,New York\nJane Smith,30,San Francisco\nMike Johnson,22,Los Angeles"
      ],
      "color": "#222",
      "bgcolor": "#000"
    },
    {
      "id": 72,
      "type": "CR Multiline Text",
      "pos": [
        -70,
        460
      ],
      "size": {
        "0": 400,
        "1": 250
      },
      "flags": {},
      "order": 4,
      "mode": 0,
      "outputs": [
        {
          "name": "multiline_text",
          "type": "STRING",
          "links": [
            176
          ],
          "shape": 3,
          "slot_index": 0
        },
        {
          "name": "show_help",
          "type": "STRING",
          "links": null,
          "shape": 3
        }
      ],
      "properties": {
        "Node name for S&R": "CR Multiline Text",
        "ttNbgOverride": {
          "color": "#222",
          "bgcolor": "#000",
          "groupcolor": "#444"
        }
      },
      "widgets_values": [
        "\"name\",\"age\",\"city\"\n\"John Doe\",25,\"New York\"\n\"Jane Smith\",30,\"San Francisco\"\n\"Mike Johnson\",22,\"Los Angeles\"",
        false,
        "\"",
        true,
        "\"",
        false
      ],
      "color": "#222",
      "bgcolor": "#000"
    },
    {
      "id": 60,
      "type": "CR Multiline Text",
      "pos": [
        750,
        460
      ],
      "size": [
        400,
        250
      ],
      "flags": {},
      "order": 5,
      "mode": 0,
      "outputs": [
        {
          "name": "multiline_text",
          "type": "STRING",
          "links": [
            170
          ],
          "shape": 3,
          "slot_index": 0
        },
        {
          "name": "show_help",
          "type": "STRING",
          "links": null,
          "shape": 3
        }
      ],
      "properties": {
        "Node name for S&R": "CR Multiline Text",
        "ttNbgOverride": {
          "color": "#222",
          "bgcolor": "#000",
          "groupcolor": "#444"
        }
      },
      "widgets_values": [
        "'name','age','city'\n'John Doe',25,'New York'\n'Jane Smith',30,'San Francisco'\n'Mike Johnson',22,'Los Angeles'",
        false,
        "'",
        true,
        "'",
        false
      ],
      "color": "#222",
      "bgcolor": "#000"
    },
    {
      "id": 57,
      "type": "CR Multiline Text",
      "pos": [
        750,
        820
      ],
      "size": [
        400,
        230
      ],
      "flags": {},
      "order": 6,
      "mode": 0,
      "outputs": [
        {
          "name": "multiline_text",
          "type": "STRING",
          "links": [
            169
          ],
          "shape": 3,
          "slot_index": 0
        },
        {
          "name": "show_help",
          "type": "STRING",
          "links": null,
          "shape": 3
        }
      ],
      "properties": {
        "Node name for S&R": "CR Multiline Text",
        "ttNbgOverride": {
          "color": "#222",
          "bgcolor": "#000",
          "groupcolor": "#444"
        }
      },
      "widgets_values": [
        "'Accent', 'Accent_r', 'Blues', 'Blues_r', 'BrBG'",
        false,
        "'",
        false,
        "",
        true
      ],
      "color": "#222",
      "bgcolor": "#000"
    },
    {
      "id": 59,
      "type": "ShowText|pysssss",
      "pos": [
        1250,
        820
      ],
      "size": {
        "0": 250,
        "1": 250
      },
      "flags": {},
      "order": 16,
      "mode": 0,
      "inputs": [
        {
          "name": "text",
          "type": "STRING",
          "link": 169,
          "widget": {
            "name": "text"
          }
        }
      ],
      "outputs": [
        {
          "name": "STRING",
          "type": "STRING",
          "links": null,
          "shape": 6
        }
      ],
      "properties": {
        "Node name for S&R": "ShowText|pysssss",
        "ttNbgOverride": {
          "color": "#222",
          "bgcolor": "#000",
          "groupcolor": "#444"
        }
      },
      "widgets_values": [
        "Accent\nAccent_r\nBlues\nBlues_r\nBrBG"
      ],
      "color": "#222",
      "bgcolor": "#000"
    },
    {
      "id": 68,
      "type": "CR Multiline Text",
      "pos": [
        -70,
        820
      ],
      "size": [
        400,
        230
      ],
      "flags": {},
      "order": 7,
      "mode": 0,
      "outputs": [
        {
          "name": "multiline_text",
          "type": "STRING",
          "links": [
            174
          ],
          "shape": 3,
          "slot_index": 0
        },
        {
          "name": "show_help",
          "type": "STRING",
          "links": null,
          "shape": 3
        }
      ],
      "properties": {
        "Node name for S&R": "CR Multiline Text",
        "ttNbgOverride": {
          "color": "#222",
          "bgcolor": "#000",
          "groupcolor": "#444"
        }
      },
      "widgets_values": [
        "\"Accent\", \"Accent_r\", \"Blues\", \"Blues_r\", \"BrBG\", \"BrBG_r\",",
        false,
        "\"",
        false,
        "",
        true
      ],
      "color": "#222",
      "bgcolor": "#000"
    },
    {
      "id": 76,
      "type": "CR Multiline Text",
      "pos": [
        -70,
        1150
      ],
      "size": {
        "0": 410,
        "1": 230
      },
      "flags": {},
      "order": 8,
      "mode": 0,
      "outputs": [
        {
          "name": "multiline_text",
          "type": "STRING",
          "links": [
            178
          ],
          "shape": 3,
          "slot_index": 0
        },
        {
          "name": "show_help",
          "type": "STRING",
          "links": null,
          "shape": 3
        }
      ],
      "properties": {
        "Node name for S&R": "CR Multiline Text",
        "ttNbgOverride": {
          "color": "#222",
          "bgcolor": "#000",
          "groupcolor": "#444"
        }
      },
      "widgets_values": [
        "Accent,  Accent_r,  Blues,  Blues_r,  BrBG",
        false,
        "'",
        false,
        "",
        true
      ],
      "color": "#222",
      "bgcolor": "#000"
    },
    {
      "id": 77,
      "type": "ShowText|pysssss",
      "pos": [
        430,
        1150
      ],
      "size": [
        250,
        180
      ],
      "flags": {},
      "order": 18,
      "mode": 0,
      "inputs": [
        {
          "name": "text",
          "type": "STRING",
          "link": 178,
          "widget": {
            "name": "text"
          }
        }
      ],
      "outputs": [
        {
          "name": "STRING",
          "type": "STRING",
          "links": null,
          "shape": 6
        }
      ],
      "properties": {
        "Node name for S&R": "ShowText|pysssss",
        "ttNbgOverride": {
          "color": "#222",
          "bgcolor": "#000",
          "groupcolor": "#444"
        }
      },
      "widgets_values": [
        "Accent\nAccent_r\nBlues\nBlues_r\nBrBG"
      ],
      "color": "#222",
      "bgcolor": "#000"
    },
    {
      "id": 74,
      "type": "CR Multiline Text",
      "pos": [
        750,
        1150
      ],
      "size": [
        400,
        230
      ],
      "flags": {},
      "order": 9,
      "mode": 0,
      "outputs": [
        {
          "name": "multiline_text",
          "type": "STRING",
          "links": [
            177
          ],
          "shape": 3,
          "slot_index": 0
        },
        {
          "name": "show_help",
          "type": "STRING",
          "links": null,
          "shape": 3
        }
      ],
      "properties": {
        "Node name for S&R": "CR Multiline Text",
        "ttNbgOverride": {
          "color": "#222",
          "bgcolor": "#000",
          "groupcolor": "#444"
        }
      },
      "widgets_values": [
        "Accent,Accent_r,Blues,Blues_r,BrBG,,,",
        false,
        "'",
        false,
        "",
        true
      ],
      "color": "#222",
      "bgcolor": "#000"
    },
    {
      "id": 75,
      "type": "ShowText|pysssss",
      "pos": [
        1250,
        1150
      ],
      "size": [
        250,
        170
      ],
      "flags": {},
      "order": 19,
      "mode": 0,
      "inputs": [
        {
          "name": "text",
          "type": "STRING",
          "link": 177,
          "widget": {
            "name": "text"
          }
        }
      ],
      "outputs": [
        {
          "name": "STRING",
          "type": "STRING",
          "links": null,
          "shape": 6
        }
      ],
      "properties": {
        "Node name for S&R": "ShowText|pysssss",
        "ttNbgOverride": {
          "color": "#222",
          "bgcolor": "#000",
          "groupcolor": "#444"
        }
      },
      "widgets_values": [
        "Accent\nAccent_r\nBlues\nBlues_r\nBrBG"
      ],
      "color": "#222",
      "bgcolor": "#000"
    }
  ],
  "links": [
    [
      169,
      57,
      0,
      59,
      0,
      "STRING"
    ],
    [
      170,
      60,
      0,
      61,
      0,
      "STRING"
    ],
    [
      172,
      64,
      0,
      65,
      0,
      "STRING"
    ],
    [
      174,
      68,
      0,
      69,
      0,
      "STRING"
    ],
    [
      175,
      70,
      0,
      71,
      0,
      "STRING"
    ],
    [
      176,
      72,
      0,
      73,
      0,
      "STRING"
    ],
    [
      177,
      74,
      0,
      75,
      0,
      "STRING"
    ],
    [
      178,
      76,
      0,
      77,
      0,
      "STRING"
    ],
    [
      179,
      78,
      0,
      79,
      0,
      "STRING"
    ],
    [
      180,
      80,
      0,
      81,
      0,
      "STRING"
    ]
  ],
  "groups": [],
  "config": {},
  "extra": {},
  "version": 0.4
}