{
  "last_node_id": 3,
  "last_link_id": 2,
  "nodes": [
    {
      "id": 1,
      "type": "CR Random Multiline Values",
      "pos": [
        618,
        442
      ],
      "size": {
        "0": 315,
        "1": 222
      },
      "flags": {},
      "order": 0,
      "mode": 0,
      "outputs": [
        {
          "name": "multiline_text",
          "type": "STRING",
          "links": [
            1,
            2
          ],
          "shape": 3,
          "slot_index": 0
        },
        {
          "name": "show_help",
          "type": "STRING",
          "links": null,
          "shape": 3
        }
      ],
      "properties": {
        "Node name for S&R": "CR Random Multiline Values",
        "ttNbgOverride": {
          "color": "#222",
          "bgcolor": "#000",
          "groupcolor": "#444"
        }
      },
      "widgets_values": [
        514037159792307,
        "randomize",
        "decimal",
        10,
        10,
        "123ABC",
        ""
      ],
      "color": "#222",
      "bgcolor": "#000"
    },
    {
      "id": 2,
      "type": "ShowText|pysssss",
      "pos": [
        1028,
        522
      ],
      "size": [
        220,
        190
      ],
      "flags": {},
      "order": 1,
      "mode": 0,
      "inputs": [
        {
          "name": "text",
          "type": "STRING",
          "link": 1,
          "widget": {
            "name": "text"
          }
        }
      ],
      "outputs": [
        {
          "name": "STRING",
          "type": "STRING",
          "links": [],
          "shape": 6,
          "slot_index": 0
        }
      ],
      "properties": {
        "Node name for S&R": "ShowText|pysssss",
        "ttNbgOverride": {
          "color": "#222",
          "bgcolor": "#000",
          "groupcolor": "#444"
        }
      },
      "widgets_values": [
        "6537370253\n1700485219\n2102346282\n2512024475\n3858374483\n9769042828\n2679138287\n7530202955\n4731323633\n1515684524"
      ],
      "color": "#222",
      "bgcolor": "#000"
    },
    {
      "id": 3,
      "type": "CR Save Text To File",
      "pos": [
        1308,
        442
      ],
      "size": {
        "0": 350,
        "1": 130
      },
      "flags": {},
      "order": 2,
      "mode": 0,
      "inputs": [
        {
          "name": "multiline_text",
          "type": "STRING",
          "link": 2,
          "widget": {
            "name": "multiline_text"
          }
        }
      ],
      "outputs": [
        {
          "name": "show_help",
          "type": "STRING",
          "links": null,
          "shape": 3
        }
      ],
      "properties": {
        "Node name for S&R": "CR Save Text To File",
        "ttNbgOverride": {
          "color": "#222",
          "bgcolor": "#000",
          "groupcolor": "#444"
        }
      },
      "widgets_values": [
        "",
        "F:\\ComfyUI\\ComfyUI_windows_portable\\ComfyUI\\input\\Value Lists",
        "test4",
        "txt"
      ],
      "color": "#222",
      "bgcolor": "#000"
    }
  ],
  "links": [
    [
      1,
      1,
      0,
      2,
      0,
      "STRING"
    ],
    [
      2,
      1,
      0,
      3,
      0,
      "STRING"
    ]
  ],
  "groups": [],
  "config": {},
  "extra": {},
  "version": 0.4
}