{
  "last_node_id": 182,
  "last_link_id": 204,
  "nodes": [
    {
      "id": 127,
      "type": "ShowText|pysssss",
      "pos": [
        1170,
        340
      ],
      "size": {
        "0": 230,
        "1": 80
      },
      "flags": {},
      "order": 3,
      "mode": 0,
      "inputs": [
        {
          "name": "text",
          "type": "STRING",
          "link": 202,
          "widget": {
            "name": "text"
          }
        }
      ],
      "outputs": [
        {
          "name": "STRING",
          "type": "STRING",
          "links": [],
          "shape": 6,
          "slot_index": 0
        }
      ],
      "properties": {
        "Node name for S&R": "ShowText|pysssss"
      },
      "widgets_values": [
        "3"
      ]
    },
    {
      "id": 128,
      "type": "ShowText|pysssss",
      "pos": [
        1170,
        470
      ],
      "size": {
        "0": 230,
        "1": 80
      },
      "flags": {},
      "order": 4,
      "mode": 0,
      "inputs": [
        {
          "name": "text",
          "type": "STRING",
          "link": 203,
          "widget": {
            "name": "text"
          }
        }
      ],
      "outputs": [
        {
          "name": "STRING",
          "type": "STRING",
          "links": [],
          "shape": 6,
          "slot_index": 0
        }
      ],
      "properties": {
        "Node name for S&R": "ShowText|pysssss"
      },
      "widgets_values": [
        "dpmpp_2m_sde"
      ]
    },
    {
      "id": 143,
      "type": "ShowText|pysssss",
      "pos": [
        1170,
        600
      ],
      "size": {
        "0": 230,
        "1": 80
      },
      "flags": {},
      "order": 5,
      "mode": 0,
      "inputs": [
        {
          "name": "text",
          "type": "STRING",
          "link": 204,
          "widget": {
            "name": "text"
          }
        }
      ],
      "outputs": [
        {
          "name": "STRING",
          "type": "STRING",
          "links": [],
          "shape": 6,
          "slot_index": 0
        }
      ],
      "properties": {
        "Node name for S&R": "ShowText|pysssss"
      },
      "widgets_values": [
        "karras"
      ]
    },
    {
      "id": 135,
      "type": "ShowText|pysssss",
      "pos": [
        1170,
        200
      ],
      "size": {
        "0": 230,
        "1": 80
      },
      "flags": {},
      "order": 2,
      "mode": 0,
      "inputs": [
        {
          "name": "text",
          "type": "STRING",
          "link": 201,
          "widget": {
            "name": "text"
          }
        }
      ],
      "outputs": [
        {
          "name": "STRING",
          "type": "STRING",
          "links": [],
          "shape": 6,
          "slot_index": 0
        }
      ],
      "properties": {
        "Node name for S&R": "ShowText|pysssss"
      },
      "widgets_values": [
        "SDXL\\RealitiesEdgeXL_4.safetensors"
      ]
    },
    {
      "id": 145,
      "type": "CR Split String",
      "pos": [
        840,
        350
      ],
      "size": {
        "0": 210,
        "1": 138
      },
      "flags": {
        "collapsed": false
      },
      "order": 1,
      "mode": 0,
      "inputs": [
        {
          "name": "text",
          "type": "STRING",
          "link": 199,
          "widget": {
            "name": "text"
          }
        }
      ],
      "outputs": [
        {
          "name": "string_1",
          "type": "STRING",
          "links": [
            201
          ],
          "shape": 3,
          "slot_index": 0
        },
        {
          "name": "string_2",
          "type": "STRING",
          "links": [
            202
          ],
          "shape": 3,
          "slot_index": 1
        },
        {
          "name": "string_3",
          "type": "STRING",
          "links": [
            203
          ],
          "shape": 3,
          "slot_index": 2
        },
        {
          "name": "string_4",
          "type": "STRING",
          "links": [
            204
          ],
          "shape": 3,
          "slot_index": 3
        },
        {
          "name": "show_help",
          "type": "STRING",
          "links": null,
          "shape": 3
        }
      ],
      "properties": {
        "Node name for S&R": "CR Split String"
      },
      "widgets_values": [
        "text",
        ","
      ],
      "color": "#222",
      "bgcolor": "#000"
    },
    {
      "id": 182,
      "type": "Text Multiline",
      "pos": [
        380,
        350
      ],
      "size": [
        400,
        100
      ],
      "flags": {},
      "order": 0,
      "mode": 0,
      "outputs": [
        {
          "name": "STRING",
          "type": "STRING",
          "links": [
            199
          ],
          "shape": 3,
          "slot_index": 0
        }
      ],
      "properties": {
        "Node name for S&R": "Text Multiline"
      },
      "widgets_values": [
        "SDXL\\RealitiesEdgeXL_4.safetensors, 3, dpmpp_2m_sde, karras"
      ]
    }
  ],
  "links": [
    [
      199,
      182,
      0,
      145,
      0,
      "STRING"
    ],
    [
      201,
      145,
      0,
      135,
      0,
      "STRING"
    ],
    [
      202,
      145,
      1,
      127,
      0,
      "STRING"
    ],
    [
      203,
      145,
      2,
      128,
      0,
      "STRING"
    ],
    [
      204,
      145,
      3,
      143,
      0,
      "STRING"
    ]
  ],
  "groups": [],
  "config": {},
  "extra": {},
  "version": 0.4
}