{
  "last_node_id": 39,
  "last_link_id": 55,
  "nodes": [
    {
      "id": 12,
      "type": "VAELoader",
      "pos": [
        320,
        598.3380063476562
      ],
      "size": {
        "0": 315,
        "1": 58
      },
      "flags": {},
      "order": 0,
      "mode": 0,
      "outputs": [
        {
          "name": "VAE",
          "type": "VAE",
          "links": [
            13
          ],
          "shape": 3,
          "slot_index": 0
        }
      ],
      "properties": {
        "Node name for S&R": "VAELoader"
      },
      "widgets_values": [
        "sdxl_vae.safetensors"
      ],
      "color": "#222",
      "bgcolor": "#000"
    },
    {
      "id": 10,
      "type": "CheckpointSave",
      "pos": [
        770,
        478.33800634765623
      ],
      "size": {
        "0": 310,
        "1": 100
      },
      "flags": {},
      "order": 3,
      "mode": 0,
      "inputs": [
        {
          "name": "model",
          "type": "MODEL",
          "link": 54
        },
        {
          "name": "clip",
          "type": "CLIP",
          "link": 55
        },
        {
          "name": "vae",
          "type": "VAE",
          "link": 13
        }
      ],
      "title": "Checkpoint Save",
      "properties": {
        "Node name for S&R": "CheckpointSave"
      },
      "widgets_values": [
        "MergeModels/Merge"
      ]
    },
    {
      "id": 33,
      "type": "CR Model Merge Stack",
      "pos": [
        -90,
        258.33800634765623
      ],
      "size": {
        "0": 315,
        "1": 322
      },
      "flags": {},
      "order": 1,
      "mode": 0,
      "inputs": [
        {
          "name": "model_stack",
          "type": "MODEL_STACK",
          "link": null
        }
      ],
      "outputs": [
        {
          "name": "MODEL_STACK",
          "type": "MODEL_STACK",
          "links": [
            52
          ],
          "shape": 3,
          "slot_index": 0
        }
      ],
      "properties": {
        "Node name for S&R": "CR Model Merge Stack"
      },
      "widgets_values": [
        "On",
        "SDXL\\mbbxlUltimate_v10RC.safetensors",
        0.5,
        0.5,
        "On",
        "SDXL\\dreamshaperXL10_alpha2Xl10.safetensors",
        0.5,
        0.5,
        "Off",
        "None",
        1,
        1
      ],
      "color": "#222",
      "bgcolor": "#000"
    },
    {
      "id": 31,
      "type": "CR Apply Model Merge",
      "pos": [
        310,
        398.33800634765623
      ],
      "size": {
        "0": 330,
        "1": 146
      },
      "flags": {},
      "order": 2,
      "mode": 0,
      "inputs": [
        {
          "name": "model_stack",
          "type": "MODEL_STACK",
          "link": 52
        }
      ],
      "outputs": [
        {
          "name": "MODEL",
          "type": "MODEL",
          "links": [
            54
          ],
          "shape": 3,
          "slot_index": 0
        },
        {
          "name": "CLIP",
          "type": "CLIP",
          "links": [
            55
          ],
          "shape": 3,
          "slot_index": 1
        },
        {
          "name": "model_mix_info",
          "type": "STRING",
          "links": [],
          "shape": 3,
          "slot_index": 2
        }
      ],
      "properties": {
        "Node name for S&R": "CR Apply Model Merge"
      },
      "widgets_values": [
        "Recursive",
        "Yes",
        1
      ],
      "color": "#222",
      "bgcolor": "#000"
    }
  ],
  "links": [
    [
      13,
      12,
      0,
      10,
      2,
      "VAE"
    ],
    [
      52,
      33,
      0,
      31,
      0,
      "MODEL_STACK"
    ],
    [
      54,
      31,
      0,
      10,
      0,
      "MODEL"
    ],
    [
      55,
      31,
      1,
      10,
      1,
      "CLIP"
    ]
  ],
  "groups": [
    {
      "title": "Ultra-Simple Model Merge Template (SDXL and 1.5)",
      "bounding": [
        -158,
        152,
        1271,
        554
      ],
      "color": "#3f789e",
      "locked": false
    }
  ],
  "config": {},
  "extra": {},
  "version": 0.4
}