{
  "last_node_id": 16,
  "last_link_id": 20,
  "nodes": [
    {
      "id": 12,
      "type": "Make Image Batch",
      "pos": [
        20,
        30
      ],
      "size": {
        "0": 210,
        "1": 126
      },
      "flags": {},
      "order": 3,
      "mode": 0,
      "inputs": [
        {
          "name": "image1",
          "type": "IMAGE",
          "link": 11
        },
        {
          "name": "image2",
          "type": "IMAGE",
          "link": 13
        },
        {
          "name": "image3",
          "type": "IMAGE",
          "link": 14
        },
        {
          "name": "image4",
          "type": "IMAGE",
          "link": null
        },
        {
          "name": "image5",
          "type": "IMAGE",
          "link": null
        },
        {
          "name": "image6",
          "type": "IMAGE",
          "link": null
        }
      ],
      "outputs": [
        {
          "name": "IMAGE",
          "type": "IMAGE",
          "links": [
            12
          ],
          "shape": 3,
          "slot_index": 0
        }
      ],
      "properties": {
        "Node name for S&R": "Make Image Batch"
      }
    },
    {
      "id": 4,
      "type": "LoadImage",
      "pos": [
        -420,
        20
      ],
      "size": {
        "0": 210,
        "1": 360
      },
      "flags": {},
      "order": 0,
      "mode": 0,
      "outputs": [
        {
          "name": "IMAGE",
          "type": "IMAGE",
          "links": [
            11
          ],
          "shape": 3,
          "slot_index": 0
        },
        {
          "name": "MASK",
          "type": "MASK",
          "links": null,
          "shape": 3
        }
      ],
      "properties": {
        "Node name for S&R": "LoadImage"
      },
      "widgets_values": [
        "SDXL10__00007_.png",
        "image"
      ]
    },
    {
      "id": 9,
      "type": "LoadImage",
      "pos": [
        -420,
        430
      ],
      "size": {
        "0": 210,
        "1": 350
      },
      "flags": {},
      "order": 1,
      "mode": 0,
      "outputs": [
        {
          "name": "IMAGE",
          "type": "IMAGE",
          "links": [
            13
          ],
          "shape": 3,
          "slot_index": 0
        },
        {
          "name": "MASK",
          "type": "MASK",
          "links": null,
          "shape": 3
        }
      ],
      "properties": {
        "Node name for S&R": "LoadImage"
      },
      "widgets_values": [
        "SDXL10__00008_.png",
        "image"
      ]
    },
    {
      "id": 13,
      "type": "LoadImage",
      "pos": [
        -420,
        830
      ],
      "size": {
        "0": 220,
        "1": 380
      },
      "flags": {},
      "order": 2,
      "mode": 0,
      "outputs": [
        {
          "name": "IMAGE",
          "type": "IMAGE",
          "links": [
            14
          ],
          "shape": 3,
          "slot_index": 0
        },
        {
          "name": "MASK",
          "type": "MASK",
          "links": null,
          "shape": 3
        }
      ],
      "properties": {
        "Node name for S&R": "LoadImage"
      },
      "widgets_values": [
        "SDXL10__00009_ (1).png",
        "image"
      ]
    },
    {
      "id": 16,
      "type": "PreviewImage",
      "pos": [
        670,
        30
      ],
      "size": {
        "0": 270,
        "1": 360
      },
      "flags": {},
      "order": 5,
      "mode": 0,
      "inputs": [
        {
          "name": "images",
          "type": "IMAGE",
          "link": 20
        }
      ],
      "properties": {
        "Node name for S&R": "PreviewImage"
      }
    },
    {
      "id": 3,
      "type": "CR Simple Text Watermark",
      "pos": [
        300,
        30
      ],
      "size": {
        "0": 315,
        "1": 250
      },
      "flags": {},
      "order": 4,
      "mode": 0,
      "inputs": [
        {
          "name": "image",
          "type": "IMAGE",
          "link": 12
        }
      ],
      "outputs": [
        {
          "name": "IMAGE",
          "type": "IMAGE",
          "links": [
            20
          ],
          "shape": 3,
          "slot_index": 0
        }
      ],
      "properties": {
        "Node name for S&R": "CR Simple Text Watermark"
      },
      "widgets_values": [
        "@ your name",
        "bottom right",
        0.5,
        "Oswald-Bold.ttf",
        70,
        "white",
        50,
        50,
        "#FF0033"
      ],
      "color": "#222",
      "bgcolor": "#000"
    }
  ],
  "links": [
    [
      11,
      4,
      0,
      12,
      0,
      "IMAGE"
    ],
    [
      12,
      12,
      0,
      3,
      0,
      "IMAGE"
    ],
    [
      13,
      9,
      0,
      12,
      1,
      "IMAGE"
    ],
    [
      14,
      13,
      0,
      12,
      2,
      "IMAGE"
    ],
    [
      20,
      3,
      0,
      16,
      0,
      "IMAGE"
    ]
  ],
  "groups": [],
  "config": {},
  "extra": {},
  "version": 0.4
}