{
  "last_node_id": 4,
  "last_link_id": 2,
  "nodes": [
    {
      "id": 4,
      "type": "PreviewImage",
      "pos": [
        1230,
        480
      ],
      "size": [
        210,
        250
      ],
      "flags": {},
      "order": 2,
      "mode": 0,
      "inputs": [
        {
          "name": "images",
          "type": "IMAGE",
          "link": 2
        }
      ],
      "properties": {
        "Node name for S&R": "PreviewImage",
        "ttNbgOverride": {
          "color": "#222",
          "bgcolor": "#000",
          "groupcolor": "#444"
        }
      },
      "color": "#222",
      "bgcolor": "#000"
    },
    {
      "id": 3,
      "type": "CR Draw Text",
      "pos": [
        790,
        480
      ],
      "size": [
        400,
        480
      ],
      "flags": {},
      "order": 1,
      "mode": 0,
      "inputs": [
        {
          "name": "font_name",
          "type": "COMBO",
          "link": 1,
          "widget": {
            "name": "font_name"
          }
        }
      ],
      "outputs": [
        {
          "name": "IMAGE",
          "type": "IMAGE",
          "links": [
            2
          ],
          "shape": 3,
          "slot_index": 0
        },
        {
          "name": "show_help",
          "type": "STRING",
          "links": null,
          "shape": 3
        }
      ],
      "properties": {
        "Node name for S&R": "CR Draw Text",
        "ttNbgOverride": {
          "color": "#222",
          "bgcolor": "#000",
          "groupcolor": "#444"
        }
      },
      "widgets_values": [
        512,
        512,
        "text",
        "AlumniSansCollegiateOne-Regular.ttf",
        50,
        "white",
        "custom",
        "center",
        "center",
        0,
        0,
        0,
        0,
        0,
        "text center",
        "#000000",
        "#000000"
      ],
      "color": "#222",
      "bgcolor": "#000"
    },
    {
      "id": 1,
      "type": "CR Select Font",
      "pos": [
        499,
        479
      ],
      "size": [
        230,
        80
      ],
      "flags": {},
      "order": 0,
      "mode": 0,
      "outputs": [
        {
          "name": "font_name",
          "type": "*",
          "links": [
            1
          ],
          "shape": 3,
          "slot_index": 0
        },
        {
          "name": "show_help",
          "type": "STRING",
          "links": null,
          "shape": 3
        }
      ],
      "properties": {
        "Node name for S&R": "CR Select Font",
        "ttNbgOverride": {
          "color": "#222",
          "bgcolor": "#000",
          "groupcolor": "#444"
        }
      },
      "widgets_values": [
        "consolab.ttf"
      ],
      "color": "#222",
      "bgcolor": "#000"
    }
  ],
  "links": [
    [
      1,
      1,
      0,
      3,
      0,
      "COMBO"
    ],
    [
      2,
      3,
      0,
      4,
      0,
      "IMAGE"
    ]
  ],
  "groups": [],
  "config": {},
  "extra": {},
  "version": 0.4
}