{
  "last_node_id": 18,
  "last_link_id": 22,
  "nodes": [
    {
      "id": 9,
      "type": "CR Multi Upscale Stack",
      "pos": [
        -140,
        -260
      ],
      "size": {
        "0": 390,
        "1": 250
      },
      "flags": {},
      "order": 0,
      "mode": 0,
      "inputs": [
        {
          "name": "upscale_stack",
          "type": "UPSCALE_STACK",
          "link": null
        }
      ],
      "outputs": [
        {
          "name": "UPSCALE_STACK",
          "type": "UPSCALE_STACK",
          "links": [
            8
          ],
          "shape": 3,
          "slot_index": 0
        }
      ],
      "properties": {
        "Node name for S&R": "CR Multi Upscale Stack"
      },
      "widgets_values": [
        "Off",
        "1x_ArtClarity.pth",
        1,
        "On",
        "1x_PixelSharpen_v2.pth",
        1,
        "On",
        "4x-UltraSharp.pth",
        2
      ]
    },
    {
      "id": 18,
      "type": "Load Image Batch",
      "pos": [
        -130,
        70
      ],
      "size": {
        "0": 315,
        "1": 222
      },
      "flags": {},
      "order": 1,
      "mode": 0,
      "outputs": [
        {
          "name": "image",
          "type": "IMAGE",
          "links": [
            21
          ],
          "shape": 3,
          "slot_index": 0
        },
        {
          "name": "filename_text",
          "type": "STRING",
          "links": null,
          "shape": 3
        }
      ],
      "properties": {
        "Node name for S&R": "Load Image Batch"
      },
      "widgets_values": [
        "incremental_image",
        0,
        "Batch 001",
        "E:\\Comfy Projects\\SDXL\\17 - Metal Cat\\plastic",
        "*",
        "false",
        "true"
      ]
    },
    {
      "id": 10,
      "type": "CR Apply Multi Upscale",
      "pos": [
        320,
        70
      ],
      "size": {
        "0": 270,
        "1": 126
      },
      "flags": {},
      "order": 2,
      "mode": 0,
      "inputs": [
        {
          "name": "image",
          "type": "IMAGE",
          "link": 21
        },
        {
          "name": "upscale_stack",
          "type": "UPSCALE_STACK",
          "link": 8
        }
      ],
      "outputs": [
        {
          "name": "IMAGE",
          "type": "IMAGE",
          "links": [
            10
          ],
          "shape": 3,
          "slot_index": 0
        }
      ],
      "properties": {
        "Node name for S&R": "CR Apply Multi Upscale"
      },
      "widgets_values": [
        "lanczos",
        "true",
        8
      ]
    },
    {
      "id": 8,
      "type": "PreviewImage",
      "pos": [
        660,
        -270
      ],
      "size": [
        390,
        560
      ],
      "flags": {},
      "order": 3,
      "mode": 0,
      "inputs": [
        {
          "name": "images",
          "type": "IMAGE",
          "link": 10
        }
      ],
      "properties": {
        "Node name for S&R": "PreviewImage"
      }
    }
  ],
  "links": [
    [
      8,
      9,
      0,
      10,
      1,
      "UPSCALE_STACK"
    ],
    [
      10,
      10,
      0,
      8,
      0,
      "IMAGE"
    ],
    [
      21,
      18,
      0,
      10,
      0,
      "IMAGE"
    ]
  ],
  "groups": [],
  "config": {},
  "extra": {},
  "version": 0.4
}