{
  "last_node_id": 25,
  "last_link_id": 28,
  "nodes": [
    {
      "id": 3,
      "type": "PreviewImage",
      "pos": [
        1330,
        330
      ],
      "size": {
        "0": 290,
        "1": 330
      },
      "flags": {},
      "order": 3,
      "mode": 0,
      "inputs": [
        {
          "name": "images",
          "type": "IMAGE",
          "link": 26
        }
      ],
      "properties": {
        "Node name for S&R": "PreviewImage"
      }
    },
    {
      "id": 5,
      "type": "CR Upscale Image",
      "pos": [
        550,
        330
      ],
      "size": {
        "0": 310,
        "1": 202
      },
      "flags": {},
      "order": 1,
      "mode": 0,
      "inputs": [
        {
          "name": "image",
          "type": "IMAGE",
          "link": 28
        }
      ],
      "outputs": [
        {
          "name": "IMAGE",
          "type": "IMAGE",
          "links": [
            25
          ],
          "shape": 3,
          "slot_index": 0
        }
      ],
      "properties": {
        "Node name for S&R": "CR Upscale Image"
      },
      "widgets_values": [
        "1x_PixelSharpen_v2_strong.pth",
        "rescale",
        1,
        1024,
        "lanczos",
        "true",
        8
      ]
    },
    {
      "id": 21,
      "type": "CR Upscale Image",
      "pos": [
        940,
        330
      ],
      "size": {
        "0": 310,
        "1": 202
      },
      "flags": {},
      "order": 2,
      "mode": 0,
      "inputs": [
        {
          "name": "image",
          "type": "IMAGE",
          "link": 25
        }
      ],
      "outputs": [
        {
          "name": "IMAGE",
          "type": "IMAGE",
          "links": [
            26
          ],
          "shape": 3,
          "slot_index": 0
        }
      ],
      "properties": {
        "Node name for S&R": "CR Upscale Image"
      },
      "widgets_values": [
        "4x-UltraSharp.pth",
        "rescale",
        2,
        1024,
        "lanczos",
        "true",
        8
      ]
    },
    {
      "id": 25,
      "type": "Load Image Batch",
      "pos": [
        160,
        330
      ],
      "size": {
        "0": 315,
        "1": 222
      },
      "flags": {},
      "order": 0,
      "mode": 0,
      "outputs": [
        {
          "name": "image",
          "type": "IMAGE",
          "links": [
            28
          ],
          "shape": 3,
          "slot_index": 0
        },
        {
          "name": "filename_text",
          "type": "STRING",
          "links": null,
          "shape": 3
        }
      ],
      "properties": {
        "Node name for S&R": "Load Image Batch"
      },
      "widgets_values": [
        "incremental_image",
        0,
        "Batch 001",
        "E:\\Comfy Projects\\SDXL\\17 - Metal Cat\\plastic",
        "*",
        "false",
        "true"
      ]
    }
  ],
  "links": [
    [
      25,
      5,
      0,
      21,
      0,
      "IMAGE"
    ],
    [
      26,
      21,
      0,
      3,
      0,
      "IMAGE"
    ],
    [
      28,
      25,
      0,
      5,
      0,
      "IMAGE"
    ]
  ],
  "groups": [],
  "config": {},
  "extra": {},
  "version": 0.4
}