{
  "last_node_id": 75,
  "last_link_id": 136,
  "nodes": [
    {
      "id": 40,
      "type": "PreviewImage",
      "pos": [
        1700,
        400
      ],
      "size": {
        "0": 320,
        "1": 250
      },
      "flags": {},
      "order": 39,
      "mode": 0,
      "inputs": [
        {
          "name": "images",
          "type": "IMAGE",
          "link": 117
        }
      ],
      "properties": {
        "Node name for S&R": "PreviewImage"
      }
    },
    {
      "id": 42,
      "type": "PreviewImage",
      "pos": [
        2480,
        90
      ],
      "size": {
        "0": 320,
        "1": 250
      },
      "flags": {},
      "order": 26,
      "mode": 0,
      "inputs": [
        {
          "name": "images",
          "type": "IMAGE",
          "link": 120
        }
      ],
      "properties": {
        "Node name for S&R": "PreviewImage"
      }
    },
    {
      "id": 57,
      "type": "PreviewImage",
      "pos": [
        2480,
        400
      ],
      "size": {
        "0": 320,
        "1": 250
      },
      "flags": {},
      "order": 25,
      "mode": 0,
      "inputs": [
        {
          "name": "images",
          "type": "IMAGE",
          "link": 127
        }
      ],
      "properties": {
        "Node name for S&R": "PreviewImage"
      }
    },
    {
      "id": 38,
      "type": "PreviewImage",
      "pos": [
        2480,
        710
      ],
      "size": {
        "0": 320,
        "1": 250
      },
      "flags": {},
      "order": 21,
      "mode": 0,
      "inputs": [
        {
          "name": "images",
          "type": "IMAGE",
          "link": 116
        }
      ],
      "properties": {
        "Node name for S&R": "PreviewImage"
      }
    },
    {
      "id": 44,
      "type": "PreviewImage",
      "pos": [
        2480,
        1330
      ],
      "size": {
        "0": 320,
        "1": 250
      },
      "flags": {},
      "order": 23,
      "mode": 0,
      "inputs": [
        {
          "name": "images",
          "type": "IMAGE",
          "link": 121
        }
      ],
      "properties": {
        "Node name for S&R": "PreviewImage"
      }
    },
    {
      "id": 59,
      "type": "PreviewImage",
      "pos": [
        2480,
        1020
      ],
      "size": {
        "0": 320,
        "1": 250
      },
      "flags": {},
      "order": 22,
      "mode": 0,
      "inputs": [
        {
          "name": "images",
          "type": "IMAGE",
          "link": 128
        }
      ],
      "properties": {
        "Node name for S&R": "PreviewImage"
      }
    },
    {
      "id": 34,
      "type": "CR Style Bars",
      "pos": [
        2110,
        710
      ],
      "size": {
        "0": 315,
        "1": 198
      },
      "flags": {},
      "order": 0,
      "mode": 0,
      "outputs": [
        {
          "name": "IMAGE",
          "type": "IMAGE",
          "links": [
            116
          ],
          "shape": 3,
          "slot_index": 0
        },
        {
          "name": "show_help",
          "type": "STRING",
          "links": null,
          "shape": 3
        }
      ],
      "properties": {
        "Node name for S&R": "CR Style Bars"
      },
      "widgets_values": [
        "sin wave",
        512,
        512,
        "plasma",
        "vertical",
        3
      ],
      "color": "#222",
      "bgcolor": "#000"
    },
    {
      "id": 58,
      "type": "CR Style Bars",
      "pos": [
        2110,
        1020
      ],
      "size": {
        "0": 315,
        "1": 198
      },
      "flags": {},
      "order": 1,
      "mode": 0,
      "outputs": [
        {
          "name": "IMAGE",
          "type": "IMAGE",
          "links": [
            128
          ],
          "shape": 3,
          "slot_index": 0
        },
        {
          "name": "show_help",
          "type": "STRING",
          "links": null,
          "shape": 3
        }
      ],
      "properties": {
        "Node name for S&R": "CR Style Bars"
      },
      "widgets_values": [
        "sin wave",
        512,
        512,
        "ocean",
        "horizontal",
        3
      ],
      "color": "#222",
      "bgcolor": "#000"
    },
    {
      "id": 61,
      "type": "PreviewImage",
      "pos": [
        2480,
        1650
      ],
      "size": {
        "0": 320,
        "1": 250
      },
      "flags": {},
      "order": 24,
      "mode": 0,
      "inputs": [
        {
          "name": "images",
          "type": "IMAGE",
          "link": 129
        }
      ],
      "properties": {
        "Node name for S&R": "PreviewImage"
      }
    },
    {
      "id": 43,
      "type": "CR Style Bars",
      "pos": [
        2110,
        1330
      ],
      "size": {
        "0": 315,
        "1": 198
      },
      "flags": {},
      "order": 2,
      "mode": 0,
      "outputs": [
        {
          "name": "IMAGE",
          "type": "IMAGE",
          "links": [
            121
          ],
          "shape": 3,
          "slot_index": 0
        },
        {
          "name": "show_help",
          "type": "STRING",
          "links": null,
          "shape": 3
        }
      ],
      "properties": {
        "Node name for S&R": "CR Style Bars"
      },
      "widgets_values": [
        "gradient bars",
        512,
        512,
        "Pastel1",
        "vertical",
        1
      ],
      "color": "#222",
      "bgcolor": "#000"
    },
    {
      "id": 60,
      "type": "CR Style Bars",
      "pos": [
        2110,
        1650
      ],
      "size": {
        "0": 315,
        "1": 198
      },
      "flags": {},
      "order": 3,
      "mode": 0,
      "outputs": [
        {
          "name": "IMAGE",
          "type": "IMAGE",
          "links": [
            129
          ],
          "shape": 3,
          "slot_index": 0
        },
        {
          "name": "show_help",
          "type": "STRING",
          "links": null,
          "shape": 3
        }
      ],
      "properties": {
        "Node name for S&R": "CR Style Bars"
      },
      "widgets_values": [
        "gradient bars",
        512,
        512,
        "magma",
        "horizontal",
        2
      ],
      "color": "#222",
      "bgcolor": "#000"
    },
    {
      "id": 56,
      "type": "CR Style Bars",
      "pos": [
        2110,
        400
      ],
      "size": {
        "0": 315,
        "1": 198
      },
      "flags": {},
      "order": 4,
      "mode": 0,
      "outputs": [
        {
          "name": "IMAGE",
          "type": "IMAGE",
          "links": [
            127
          ],
          "shape": 3,
          "slot_index": 0
        },
        {
          "name": "show_help",
          "type": "STRING",
          "links": null,
          "shape": 3
        }
      ],
      "properties": {
        "Node name for S&R": "CR Style Bars"
      },
      "widgets_values": [
        "color bars",
        512,
        512,
        "cubehelix",
        "horizontal",
        5
      ],
      "color": "#222",
      "bgcolor": "#000"
    },
    {
      "id": 41,
      "type": "CR Style Bars",
      "pos": [
        2110,
        90
      ],
      "size": {
        "0": 315,
        "1": 198
      },
      "flags": {},
      "order": 5,
      "mode": 0,
      "outputs": [
        {
          "name": "IMAGE",
          "type": "IMAGE",
          "links": [
            120
          ],
          "shape": 3,
          "slot_index": 0
        },
        {
          "name": "show_help",
          "type": "STRING",
          "links": null,
          "shape": 3
        }
      ],
      "properties": {
        "Node name for S&R": "CR Style Bars"
      },
      "widgets_values": [
        "color bars",
        512,
        512,
        "Accent",
        "vertical",
        4
      ],
      "color": "#222",
      "bgcolor": "#000"
    },
    {
      "id": 37,
      "type": "PreviewImage",
      "pos": [
        900,
        90
      ],
      "size": {
        "0": 320,
        "1": 250
      },
      "flags": {},
      "order": 31,
      "mode": 0,
      "inputs": [
        {
          "name": "images",
          "type": "IMAGE",
          "link": 119
        }
      ],
      "properties": {
        "Node name for S&R": "PreviewImage"
      }
    },
    {
      "id": 50,
      "type": "PreviewImage",
      "pos": [
        900,
        420
      ],
      "size": {
        "0": 320,
        "1": 250
      },
      "flags": {},
      "order": 28,
      "mode": 0,
      "inputs": [
        {
          "name": "images",
          "type": "IMAGE",
          "link": 123
        }
      ],
      "properties": {
        "Node name for S&R": "PreviewImage"
      }
    },
    {
      "id": 52,
      "type": "PreviewImage",
      "pos": [
        900,
        760
      ],
      "size": {
        "0": 320,
        "1": 250
      },
      "flags": {},
      "order": 32,
      "mode": 0,
      "inputs": [
        {
          "name": "images",
          "type": "IMAGE",
          "link": 124
        }
      ],
      "properties": {
        "Node name for S&R": "PreviewImage"
      }
    },
    {
      "id": 72,
      "type": "PreviewImage",
      "pos": [
        900,
        1100
      ],
      "size": {
        "0": 320,
        "1": 250
      },
      "flags": {},
      "order": 33,
      "mode": 0,
      "inputs": [
        {
          "name": "images",
          "type": "IMAGE",
          "link": 134
        }
      ],
      "properties": {
        "Node name for S&R": "PreviewImage"
      }
    },
    {
      "id": 68,
      "type": "PreviewImage",
      "pos": [
        900,
        1490
      ],
      "size": {
        "0": 320,
        "1": 250
      },
      "flags": {},
      "order": 34,
      "mode": 0,
      "inputs": [
        {
          "name": "images",
          "type": "IMAGE",
          "link": 132
        }
      ],
      "properties": {
        "Node name for S&R": "PreviewImage"
      }
    },
    {
      "id": 64,
      "type": "PreviewImage",
      "pos": [
        120,
        530
      ],
      "size": {
        "0": 320,
        "1": 250
      },
      "flags": {},
      "order": 41,
      "mode": 0,
      "inputs": [
        {
          "name": "images",
          "type": "IMAGE",
          "link": 130
        }
      ],
      "properties": {
        "Node name for S&R": "PreviewImage"
      }
    },
    {
      "id": 48,
      "type": "PreviewImage",
      "pos": [
        1700,
        1660
      ],
      "size": {
        "0": 320,
        "1": 250
      },
      "flags": {},
      "order": 36,
      "mode": 0,
      "inputs": [
        {
          "name": "images",
          "type": "IMAGE",
          "link": 136
        }
      ],
      "properties": {
        "Node name for S&R": "PreviewImage"
      }
    },
    {
      "id": 39,
      "type": "PreviewImage",
      "pos": [
        1700,
        940
      ],
      "size": {
        "0": 320,
        "1": 250
      },
      "flags": {},
      "order": 38,
      "mode": 0,
      "inputs": [
        {
          "name": "images",
          "type": "IMAGE",
          "link": 118
        }
      ],
      "properties": {
        "Node name for S&R": "PreviewImage"
      }
    },
    {
      "id": 73,
      "type": "CR Starburst Colors",
      "pos": [
        -250,
        1310
      ],
      "size": {
        "0": 315,
        "1": 318
      },
      "flags": {},
      "order": 6,
      "mode": 0,
      "outputs": [
        {
          "name": "IMAGE",
          "type": "IMAGE",
          "links": [
            135
          ],
          "shape": 3,
          "slot_index": 0
        },
        {
          "name": "show_help",
          "type": "STRING",
          "links": null,
          "shape": 3
        }
      ],
      "properties": {
        "Node name for S&R": "CR Starburst Colors"
      },
      "widgets_values": [
        512,
        512,
        14,
        "fuchsia",
        "lightgray",
        0,
        0,
        15,
        2,
        "#0011AA",
        "#007711"
      ],
      "color": "#222",
      "bgcolor": "#000"
    },
    {
      "id": 49,
      "type": "CR Color Bars",
      "pos": [
        530,
        420
      ],
      "size": {
        "0": 315,
        "1": 294
      },
      "flags": {},
      "order": 7,
      "mode": 0,
      "outputs": [
        {
          "name": "IMAGE",
          "type": "IMAGE",
          "links": [
            123
          ],
          "shape": 3,
          "slot_index": 0
        },
        {
          "name": "show_help",
          "type": "STRING",
          "links": null,
          "shape": 3
        }
      ],
      "properties": {
        "Node name for S&R": "CR Color Bars"
      },
      "widgets_values": [
        "2-color",
        512,
        512,
        "black",
        "red",
        "horizontal",
        3,
        0,
        "#000000",
        "#000000"
      ],
      "color": "#222",
      "bgcolor": "#000"
    },
    {
      "id": 69,
      "type": "PreviewImage",
      "pos": [
        900,
        1880
      ],
      "size": {
        "0": 320,
        "1": 250
      },
      "flags": {},
      "order": 35,
      "mode": 0,
      "inputs": [
        {
          "name": "images",
          "type": "IMAGE",
          "link": 133
        }
      ],
      "properties": {
        "Node name for S&R": "PreviewImage"
      }
    },
    {
      "id": 65,
      "type": "PreviewImage",
      "pos": [
        120,
        930
      ],
      "size": {
        "0": 320,
        "1": 250
      },
      "flags": {},
      "order": 29,
      "mode": 0,
      "inputs": [
        {
          "name": "images",
          "type": "IMAGE",
          "link": 131
        }
      ],
      "properties": {
        "Node name for S&R": "PreviewImage"
      }
    },
    {
      "id": 74,
      "type": "PreviewImage",
      "pos": [
        120,
        1310
      ],
      "size": {
        "0": 320,
        "1": 250
      },
      "flags": {},
      "order": 27,
      "mode": 0,
      "inputs": [
        {
          "name": "images",
          "type": "IMAGE",
          "link": 135
        }
      ],
      "properties": {
        "Node name for S&R": "PreviewImage"
      }
    },
    {
      "id": 2,
      "type": "PreviewImage",
      "pos": [
        120,
        90
      ],
      "size": {
        "0": 320,
        "1": 250
      },
      "flags": {},
      "order": 30,
      "mode": 0,
      "inputs": [
        {
          "name": "images",
          "type": "IMAGE",
          "link": 115
        }
      ],
      "properties": {
        "Node name for S&R": "PreviewImage"
      }
    },
    {
      "id": 46,
      "type": "PreviewImage",
      "pos": [
        1700,
        90
      ],
      "size": {
        "0": 320,
        "1": 250
      },
      "flags": {},
      "order": 40,
      "mode": 0,
      "inputs": [
        {
          "name": "images",
          "type": "IMAGE",
          "link": 122
        }
      ],
      "properties": {
        "Node name for S&R": "PreviewImage"
      }
    },
    {
      "id": 54,
      "type": "PreviewImage",
      "pos": [
        1700,
        1270
      ],
      "size": {
        "0": 320,
        "1": 250
      },
      "flags": {},
      "order": 37,
      "mode": 0,
      "inputs": [
        {
          "name": "images",
          "type": "IMAGE",
          "link": 126
        }
      ],
      "properties": {
        "Node name for S&R": "PreviewImage"
      }
    },
    {
      "id": 63,
      "type": "CR Starburst Colors",
      "pos": [
        -250,
        930
      ],
      "size": {
        "0": 310,
        "1": 318
      },
      "flags": {},
      "order": 8,
      "mode": 0,
      "outputs": [
        {
          "name": "IMAGE",
          "type": "IMAGE",
          "links": [
            131
          ],
          "shape": 3,
          "slot_index": 0
        },
        {
          "name": "show_help",
          "type": "STRING",
          "links": null,
          "shape": 3
        }
      ],
      "properties": {
        "Node name for S&R": "CR Starburst Colors"
      },
      "widgets_values": [
        512,
        512,
        14,
        "navy",
        "yellow",
        0,
        0,
        15,
        1,
        "#440000",
        "#003377"
      ],
      "color": "#222",
      "bgcolor": "#000"
    },
    {
      "id": 32,
      "type": "CR Halftone Grid",
      "pos": [
        -240,
        90
      ],
      "size": {
        "0": 310,
        "1": 270
      },
      "flags": {},
      "order": 9,
      "mode": 0,
      "outputs": [
        {
          "name": "IMAGE",
          "type": "IMAGE",
          "links": [
            115
          ],
          "shape": 3,
          "slot_index": 0
        },
        {
          "name": "show_help",
          "type": "STRING",
          "links": null,
          "shape": 3
        }
      ],
      "properties": {
        "Node name for S&R": "CR Halftone Grid"
      },
      "widgets_values": [
        512,
        512,
        "plasma",
        "No",
        20,
        "black",
        0,
        0,
        "#001133"
      ],
      "color": "#222",
      "bgcolor": "#000"
    },
    {
      "id": 33,
      "type": "CR Color Bars",
      "pos": [
        530,
        90
      ],
      "size": {
        "0": 315,
        "1": 294
      },
      "flags": {},
      "order": 10,
      "mode": 0,
      "outputs": [
        {
          "name": "IMAGE",
          "type": "IMAGE",
          "links": [
            119
          ],
          "shape": 3,
          "slot_index": 0
        },
        {
          "name": "show_help",
          "type": "STRING",
          "links": null,
          "shape": 3
        }
      ],
      "properties": {
        "Node name for S&R": "CR Color Bars"
      },
      "widgets_values": [
        "2-color",
        512,
        512,
        "yellow",
        "pink",
        "vertical",
        5,
        0,
        "#220077",
        "#880000"
      ],
      "color": "#222",
      "bgcolor": "#000"
    },
    {
      "id": 51,
      "type": "CR Color Bars",
      "pos": [
        530,
        760
      ],
      "size": {
        "0": 315,
        "1": 294
      },
      "flags": {},
      "order": 11,
      "mode": 0,
      "outputs": [
        {
          "name": "IMAGE",
          "type": "IMAGE",
          "links": [
            124
          ],
          "shape": 3,
          "slot_index": 0
        },
        {
          "name": "show_help",
          "type": "STRING",
          "links": null,
          "shape": 3
        }
      ],
      "properties": {
        "Node name for S&R": "CR Color Bars"
      },
      "widgets_values": [
        "2-color",
        512,
        512,
        "orange",
        "white",
        "alt_diagonal",
        10,
        0,
        "#00BB00",
        "#0000CC"
      ],
      "color": "#222",
      "bgcolor": "#000"
    },
    {
      "id": 71,
      "type": "CR Color Bars",
      "pos": [
        530,
        1100
      ],
      "size": {
        "0": 315,
        "1": 294
      },
      "flags": {},
      "order": 12,
      "mode": 0,
      "outputs": [
        {
          "name": "IMAGE",
          "type": "IMAGE",
          "links": [
            134
          ],
          "shape": 3,
          "slot_index": 0
        },
        {
          "name": "show_help",
          "type": "STRING",
          "links": null,
          "shape": 3
        }
      ],
      "properties": {
        "Node name for S&R": "CR Color Bars"
      },
      "widgets_values": [
        "2-color",
        512,
        512,
        "navy",
        "black",
        "diagonal",
        10,
        0,
        "#550000",
        "#007700"
      ],
      "color": "#222",
      "bgcolor": "#000"
    },
    {
      "id": 66,
      "type": "CR Polygons",
      "pos": [
        530,
        1490
      ],
      "size": {
        "0": 315,
        "1": 342
      },
      "flags": {},
      "order": 13,
      "mode": 0,
      "outputs": [
        {
          "name": "IMAGE",
          "type": "IMAGE",
          "links": [
            132
          ],
          "shape": 3,
          "slot_index": 0
        },
        {
          "name": "show_help",
          "type": "STRING",
          "links": null,
          "shape": 3
        }
      ],
      "properties": {
        "Node name for S&R": "CR Polygons"
      },
      "widgets_values": [
        "hexagons",
        512,
        512,
        5,
        5,
        "yellow",
        "white",
        "black",
        5,
        "#55BB00",
        "#335500",
        "#003344"
      ],
      "color": "#222",
      "bgcolor": "#000"
    },
    {
      "id": 67,
      "type": "CR Polygons",
      "pos": [
        530,
        1880
      ],
      "size": {
        "0": 315,
        "1": 342
      },
      "flags": {},
      "order": 14,
      "mode": 0,
      "outputs": [
        {
          "name": "IMAGE",
          "type": "IMAGE",
          "links": [
            133
          ],
          "shape": 3,
          "slot_index": 0
        },
        {
          "name": "show_help",
          "type": "STRING",
          "links": null,
          "shape": 3
        }
      ],
      "properties": {
        "Node name for S&R": "CR Polygons"
      },
      "widgets_values": [
        "triangles",
        512,
        512,
        5,
        5,
        "maroon",
        "blue",
        "lavender",
        9,
        "#770099",
        "#770000",
        "#006699"
      ],
      "color": "#222",
      "bgcolor": "#000"
    },
    {
      "id": 75,
      "type": "CR Radial Gradient",
      "pos": [
        1310,
        1660
      ],
      "size": {
        "0": 315,
        "1": 274
      },
      "flags": {},
      "order": 15,
      "mode": 0,
      "outputs": [
        {
          "name": "IMAGE",
          "type": "IMAGE",
          "links": [
            136
          ],
          "shape": 3,
          "slot_index": 0
        },
        {
          "name": "show_Help",
          "type": "STRING",
          "links": null,
          "shape": 3
        }
      ],
      "properties": {
        "Node name for S&R": "CR Radial Gradient"
      },
      "widgets_values": [
        512,
        512,
        "orange",
        "purple",
        1,
        0.5,
        0.5,
        "#6600FF",
        "#004400"
      ],
      "color": "#222",
      "bgcolor": "#000"
    },
    {
      "id": 53,
      "type": "CR Color Gradient",
      "pos": [
        1310,
        1270
      ],
      "size": {
        "0": 320,
        "1": 270
      },
      "flags": {},
      "order": 16,
      "mode": 0,
      "outputs": [
        {
          "name": "IMAGE",
          "type": "IMAGE",
          "links": [
            126
          ],
          "shape": 3,
          "slot_index": 0
        },
        {
          "name": "show_help",
          "type": "STRING",
          "links": null,
          "shape": 3
        }
      ],
      "properties": {
        "Node name for S&R": "CR Color Gradient"
      },
      "widgets_values": [
        512,
        512,
        "green",
        "red",
        0.75,
        0.25,
        "horizontal",
        "#770000",
        "#008800"
      ],
      "color": "#222",
      "bgcolor": "#000"
    },
    {
      "id": 36,
      "type": "CR Color Gradient",
      "pos": [
        1310,
        940
      ],
      "size": {
        "0": 310,
        "1": 270
      },
      "flags": {},
      "order": 17,
      "mode": 0,
      "outputs": [
        {
          "name": "IMAGE",
          "type": "IMAGE",
          "links": [
            118
          ],
          "shape": 3,
          "slot_index": 0
        },
        {
          "name": "show_help",
          "type": "STRING",
          "links": null,
          "shape": 3
        }
      ],
      "properties": {
        "Node name for S&R": "CR Color Gradient"
      },
      "widgets_values": [
        512,
        512,
        "yellow",
        "blue",
        0.5,
        0.5,
        "vertical",
        "#5555000",
        "#004444"
      ],
      "color": "#222",
      "bgcolor": "#000"
    },
    {
      "id": 35,
      "type": "CR Checker Pattern",
      "pos": [
        1310,
        400
      ],
      "size": {
        "0": 315,
        "1": 270
      },
      "flags": {},
      "order": 18,
      "mode": 0,
      "outputs": [
        {
          "name": "IMAGE",
          "type": "IMAGE",
          "links": [
            117
          ],
          "shape": 3,
          "slot_index": 0
        },
        {
          "name": "show_help",
          "type": "STRING",
          "links": null,
          "shape": 3
        }
      ],
      "properties": {
        "Node name for S&R": "CR Checker Pattern"
      },
      "widgets_values": [
        "stepped",
        512,
        512,
        "aqua",
        "fuchsia",
        8,
        3,
        "#004400",
        "#000099"
      ],
      "color": "#222",
      "bgcolor": "#000"
    },
    {
      "id": 45,
      "type": "CR Checker Pattern",
      "pos": [
        1310,
        90
      ],
      "size": {
        "0": 315,
        "1": 270
      },
      "flags": {},
      "order": 19,
      "mode": 0,
      "outputs": [
        {
          "name": "IMAGE",
          "type": "IMAGE",
          "links": [
            122
          ],
          "shape": 3,
          "slot_index": 0
        },
        {
          "name": "show_help",
          "type": "STRING",
          "links": null,
          "shape": 3
        }
      ],
      "properties": {
        "Node name for S&R": "CR Checker Pattern"
      },
      "widgets_values": [
        "regular",
        512,
        512,
        "black",
        "white",
        8,
        2,
        "#0044BB",
        "#007788"
      ],
      "color": "#222",
      "bgcolor": "#000"
    },
    {
      "id": 62,
      "type": "CR Starburst Lines",
      "pos": [
        -250,
        530
      ],
      "size": {
        "0": 315,
        "1": 342
      },
      "flags": {},
      "order": 20,
      "mode": 0,
      "outputs": [
        {
          "name": "IMAGE",
          "type": "IMAGE",
          "links": [
            130
          ],
          "shape": 3,
          "slot_index": 0
        },
        {
          "name": "show_help",
          "type": "STRING",
          "links": null,
          "shape": 3
        }
      ],
      "properties": {
        "Node name for S&R": "CR Starburst Lines"
      },
      "widgets_values": [
        511,
        512,
        6,
        10,
        5,
        "orange",
        "green",
        0,
        0,
        30,
        "#00FF33",
        "#0033AA"
      ],
      "color": "#222",
      "bgcolor": "#000"
    }
  ],
  "links": [
    [
      115,
      32,
      0,
      2,
      0,
      "IMAGE"
    ],
    [
      116,
      34,
      0,
      38,
      0,
      "IMAGE"
    ],
    [
      117,
      35,
      0,
      40,
      0,
      "IMAGE"
    ],
    [
      118,
      36,
      0,
      39,
      0,
      "IMAGE"
    ],
    [
      119,
      33,
      0,
      37,
      0,
      "IMAGE"
    ],
    [
      120,
      41,
      0,
      42,
      0,
      "IMAGE"
    ],
    [
      121,
      43,
      0,
      44,
      0,
      "IMAGE"
    ],
    [
      122,
      45,
      0,
      46,
      0,
      "IMAGE"
    ],
    [
      123,
      49,
      0,
      50,
      0,
      "IMAGE"
    ],
    [
      124,
      51,
      0,
      52,
      0,
      "IMAGE"
    ],
    [
      126,
      53,
      0,
      54,
      0,
      "IMAGE"
    ],
    [
      127,
      56,
      0,
      57,
      0,
      "IMAGE"
    ],
    [
      128,
      58,
      0,
      59,
      0,
      "IMAGE"
    ],
    [
      129,
      60,
      0,
      61,
      0,
      "IMAGE"
    ],
    [
      130,
      62,
      0,
      64,
      0,
      "IMAGE"
    ],
    [
      131,
      63,
      0,
      65,
      0,
      "IMAGE"
    ],
    [
      132,
      66,
      0,
      68,
      0,
      "IMAGE"
    ],
    [
      133,
      67,
      0,
      69,
      0,
      "IMAGE"
    ],
    [
      134,
      71,
      0,
      72,
      0,
      "IMAGE"
    ],
    [
      135,
      73,
      0,
      74,
      0,
      "IMAGE"
    ],
    [
      136,
      75,
      0,
      48,
      0,
      "IMAGE"
    ]
  ],
  "groups": [],
  "config": {},
  "extra": {},
  "version": 0.4
}