{
  "last_node_id": 9,
  "last_link_id": 7,
  "nodes": [
    {
      "id": 2,
      "type": "PreviewImage",
      "pos": [
        1190,
        620
      ],
      "size": {
        "0": 320,
        "1": 250
      },
      "flags": {},
      "order": 3,
      "mode": 0,
      "inputs": [
        {
          "name": "images",
          "type": "IMAGE",
          "link": 1
        }
      ],
      "properties": {
        "Node name for S&R": "PreviewImage"
      }
    },
    {
      "id": 5,
      "type": "PrimitiveNode",
      "pos": [
        270,
        620
      ],
      "size": {
        "0": 210,
        "1": 80
      },
      "flags": {},
      "order": 0,
      "mode": 0,
      "outputs": [
        {
          "name": "FLOAT",
          "type": "FLOAT",
          "links": [
            6
          ],
          "slot_index": 0,
          "widget": {
            "name": "a"
          }
        }
      ],
      "properties": {},
      "widgets_values": [
        180.5,
        "increment"
      ]
    },
    {
      "id": 9,
      "type": "JWFloatMul",
      "pos": [
        540,
        620
      ],
      "size": [
        210,
        70
      ],
      "flags": {},
      "order": 1,
      "mode": 0,
      "inputs": [
        {
          "name": "a",
          "type": "FLOAT",
          "link": 6,
          "widget": {
            "name": "a"
          }
        }
      ],
      "outputs": [
        {
          "name": "FLOAT",
          "type": "FLOAT",
          "links": [
            7
          ],
          "shape": 3,
          "slot_index": 0
        }
      ],
      "properties": {
        "Node name for S&R": "JWFloatMul"
      },
      "widgets_values": [
        180.5,
        20
      ]
    },
    {
      "id": 1,
      "type": "CR Starburst Lines",
      "pos": [
        820,
        620
      ],
      "size": [
        320,
        340
      ],
      "flags": {},
      "order": 2,
      "mode": 0,
      "inputs": [
        {
          "name": "rotation",
          "type": "FLOAT",
          "link": 7,
          "widget": {
            "name": "rotation"
          }
        }
      ],
      "outputs": [
        {
          "name": "IMAGE",
          "type": "IMAGE",
          "links": [
            1
          ],
          "shape": 3,
          "slot_index": 0
        },
        {
          "name": "show_help",
          "type": "STRING",
          "links": null,
          "shape": 3
        }
      ],
      "properties": {
        "Node name for S&R": "CR Starburst Lines"
      },
      "widgets_values": [
        511,
        512,
        6,
        2,
        50,
        "blue",
        "yellow",
        0,
        0,
        60,
        "#00FF33",
        "#0033AA"
      ],
      "color": "#222",
      "bgcolor": "#000"
    }
  ],
  "links": [
    [
      1,
      1,
      0,
      2,
      0,
      "IMAGE"
    ],
    [
      6,
      5,
      0,
      9,
      0,
      "FLOAT"
    ],
    [
      7,
      9,
      0,
      1,
      0,
      "FLOAT"
    ]
  ],
  "groups": [],
  "config": {},
  "extra": {},
  "version": 0.4
}