{
  "last_node_id": 16,
  "last_link_id": 17,
  "nodes": [
    {
      "id": 2,
      "type": "CR Get Parameter From Prompt",
      "pos": [
        720,
        400
      ],
      "size": {
        "0": 280,
        "1": 150
      },
      "flags": {},
      "order": 1,
      "mode": 0,
      "inputs": [
        {
          "name": "prompt",
          "type": "STRING",
          "link": 1,
          "widget": {
            "name": "prompt"
          }
        }
      ],
      "outputs": [
        {
          "name": "prompt",
          "type": "STRING",
          "links": [
            10
          ],
          "shape": 3,
          "slot_index": 0
        },
        {
          "name": "text",
          "type": "STRING",
          "links": [
            3
          ],
          "shape": 3,
          "slot_index": 1
        },
        {
          "name": "value",
          "type": "FLOAT",
          "links": [],
          "shape": 3,
          "slot_index": 2
        },
        {
          "name": "boolean",
          "type": "BOOLEAN",
          "links": [],
          "shape": 3,
          "slot_index": 3
        },
        {
          "name": "show_help",
          "type": "STRING",
          "links": null,
          "shape": 3
        }
      ],
      "properties": {
        "Node name for S&R": "CR Get Parameter From Prompt",
        "ttNbgOverride": {
          "color": "#222",
          "bgcolor": "#000",
          "groupcolor": "#444"
        }
      },
      "widgets_values": [
        "prompt",
        "!color"
      ],
      "color": "#222",
      "bgcolor": "#000"
    },
    {
      "id": 5,
      "type": "ShowText|pysssss",
      "pos": [
        1470,
        640
      ],
      "size": {
        "0": 270,
        "1": 80
      },
      "flags": {},
      "order": 8,
      "mode": 0,
      "inputs": [
        {
          "name": "text",
          "type": "STRING",
          "link": 8,
          "widget": {
            "name": "text"
          }
        }
      ],
      "outputs": [
        {
          "name": "STRING",
          "type": "STRING",
          "links": null,
          "shape": 6
        }
      ],
      "properties": {
        "Node name for S&R": "ShowText|pysssss",
        "ttNbgOverride": {
          "color": "#222",
          "bgcolor": "#000",
          "groupcolor": "#444"
        }
      },
      "widgets_values": [
        "4.5"
      ],
      "color": "#222",
      "bgcolor": "#000"
    },
    {
      "id": 7,
      "type": "CR Set Value On Boolean",
      "pos": [
        1080,
        880
      ],
      "size": {
        "0": 315,
        "1": 146
      },
      "flags": {},
      "order": 7,
      "mode": 0,
      "inputs": [
        {
          "name": "boolean",
          "type": "BOOLEAN",
          "link": 13,
          "widget": {
            "name": "boolean"
          }
        }
      ],
      "outputs": [
        {
          "name": "INT",
          "type": "INT",
          "links": [
            5
          ],
          "shape": 3,
          "slot_index": 0
        },
        {
          "name": "FLOAT",
          "type": "FLOAT",
          "links": null,
          "shape": 3
        },
        {
          "name": "show_help",
          "type": "STRING",
          "links": null,
          "shape": 3
        }
      ],
      "properties": {
        "Node name for S&R": "CR Set Value On Boolean",
        "ttNbgOverride": {
          "color": "#222",
          "bgcolor": "#000",
          "groupcolor": "#444"
        }
      },
      "widgets_values": [
        true,
        1,
        0
      ],
      "color": "#222",
      "bgcolor": "#000"
    },
    {
      "id": 9,
      "type": "CR Integer To String",
      "pos": [
        1200,
        1080
      ],
      "size": {
        "0": 315,
        "1": 78
      },
      "flags": {
        "collapsed": true
      },
      "order": 9,
      "mode": 0,
      "inputs": [
        {
          "name": "int_",
          "type": "INT",
          "link": 5,
          "widget": {
            "name": "int_"
          }
        }
      ],
      "outputs": [
        {
          "name": "STRING",
          "type": "STRING",
          "links": [
            6
          ],
          "shape": 3,
          "slot_index": 0
        },
        {
          "name": "show_help",
          "type": "STRING",
          "links": null,
          "shape": 3
        }
      ],
      "properties": {
        "Node name for S&R": "CR Integer To String",
        "ttNbgOverride": {
          "color": "#222",
          "bgcolor": "#000",
          "groupcolor": "#444"
        }
      },
      "widgets_values": [
        0
      ],
      "color": "#222",
      "bgcolor": "#000"
    },
    {
      "id": 12,
      "type": "CR Get Parameter From Prompt",
      "pos": [
        720,
        600
      ],
      "size": {
        "0": 280,
        "1": 150
      },
      "flags": {},
      "order": 2,
      "mode": 0,
      "inputs": [
        {
          "name": "prompt",
          "type": "STRING",
          "link": 10,
          "widget": {
            "name": "prompt"
          }
        }
      ],
      "outputs": [
        {
          "name": "prompt",
          "type": "STRING",
          "links": [
            14
          ],
          "shape": 3,
          "slot_index": 0
        },
        {
          "name": "text",
          "type": "STRING",
          "links": [],
          "shape": 3,
          "slot_index": 1
        },
        {
          "name": "value",
          "type": "FLOAT",
          "links": [
            16
          ],
          "shape": 3,
          "slot_index": 2
        },
        {
          "name": "boolean",
          "type": "BOOLEAN",
          "links": [],
          "shape": 3,
          "slot_index": 3
        },
        {
          "name": "show_help",
          "type": "STRING",
          "links": null,
          "shape": 3
        }
      ],
      "properties": {
        "Node name for S&R": "CR Get Parameter From Prompt",
        "ttNbgOverride": {
          "color": "#222",
          "bgcolor": "#000",
          "groupcolor": "#444"
        }
      },
      "widgets_values": [
        "prompt",
        "!rotation"
      ],
      "color": "#222",
      "bgcolor": "#000"
    },
    {
      "id": 4,
      "type": "ShowText|pysssss",
      "pos": [
        1460,
        420
      ],
      "size": {
        "0": 270,
        "1": 80
      },
      "flags": {},
      "order": 3,
      "mode": 0,
      "inputs": [
        {
          "name": "text",
          "type": "STRING",
          "link": 3,
          "widget": {
            "name": "text"
          }
        }
      ],
      "outputs": [
        {
          "name": "STRING",
          "type": "STRING",
          "links": null,
          "shape": 6
        }
      ],
      "properties": {
        "Node name for S&R": "ShowText|pysssss",
        "ttNbgOverride": {
          "color": "#222",
          "bgcolor": "#000",
          "groupcolor": "#444"
        }
      },
      "widgets_values": [
        "black"
      ],
      "color": "#222",
      "bgcolor": "#000"
    },
    {
      "id": 8,
      "type": "ShowText|pysssss",
      "pos": [
        1480,
        880
      ],
      "size": {
        "0": 270,
        "1": 80
      },
      "flags": {},
      "order": 10,
      "mode": 0,
      "inputs": [
        {
          "name": "text",
          "type": "STRING",
          "link": 6,
          "widget": {
            "name": "text"
          }
        }
      ],
      "outputs": [
        {
          "name": "STRING",
          "type": "STRING",
          "links": null,
          "shape": 6
        }
      ],
      "properties": {
        "Node name for S&R": "ShowText|pysssss",
        "ttNbgOverride": {
          "color": "#222",
          "bgcolor": "#000",
          "groupcolor": "#444"
        }
      },
      "widgets_values": [
        "0"
      ],
      "color": "#222",
      "bgcolor": "#000"
    },
    {
      "id": 1,
      "type": "CR Prompt Text",
      "pos": [
        300,
        400
      ],
      "size": {
        "0": 360,
        "1": 190
      },
      "flags": {},
      "order": 0,
      "mode": 0,
      "outputs": [
        {
          "name": "prompt",
          "type": "STRING",
          "links": [
            1
          ],
          "shape": 3,
          "slot_index": 0
        },
        {
          "name": "show_help",
          "type": "STRING",
          "links": null,
          "shape": 3
        }
      ],
      "properties": {
        "Node name for S&R": "CR Prompt Text",
        "ttNbgOverride": {
          "color": "#222",
          "bgcolor": "#000",
          "groupcolor": "#444"
        }
      },
      "widgets_values": [
        "astronaut cat floating in space !color=black !rotation=4.5 !upscale=False"
      ],
      "color": "#222",
      "bgcolor": "#000"
    },
    {
      "id": 10,
      "type": "CR Float To String",
      "pos": [
        1230,
        670
      ],
      "size": {
        "0": 315,
        "1": 78
      },
      "flags": {
        "collapsed": true
      },
      "order": 5,
      "mode": 0,
      "inputs": [
        {
          "name": "float_",
          "type": "FLOAT",
          "link": 16,
          "widget": {
            "name": "float_"
          }
        }
      ],
      "outputs": [
        {
          "name": "STRING",
          "type": "STRING",
          "links": [
            8
          ],
          "shape": 3,
          "slot_index": 0
        },
        {
          "name": "show_help",
          "type": "STRING",
          "links": null,
          "shape": 3
        }
      ],
      "properties": {
        "Node name for S&R": "CR Float To String",
        "ttNbgOverride": {
          "color": "#222",
          "bgcolor": "#000",
          "groupcolor": "#444"
        }
      },
      "widgets_values": [
        0
      ],
      "color": "#222",
      "bgcolor": "#000"
    },
    {
      "id": 13,
      "type": "CR Get Parameter From Prompt",
      "pos": [
        720,
        810
      ],
      "size": {
        "0": 280,
        "1": 150
      },
      "flags": {},
      "order": 4,
      "mode": 0,
      "inputs": [
        {
          "name": "prompt",
          "type": "STRING",
          "link": 14,
          "widget": {
            "name": "prompt"
          }
        }
      ],
      "outputs": [
        {
          "name": "prompt",
          "type": "STRING",
          "links": [
            17
          ],
          "shape": 3,
          "slot_index": 0
        },
        {
          "name": "text",
          "type": "STRING",
          "links": [],
          "shape": 3,
          "slot_index": 1
        },
        {
          "name": "value",
          "type": "FLOAT",
          "links": [],
          "shape": 3,
          "slot_index": 2
        },
        {
          "name": "boolean",
          "type": "BOOLEAN",
          "links": [
            13
          ],
          "shape": 3,
          "slot_index": 3
        },
        {
          "name": "show_help",
          "type": "STRING",
          "links": null,
          "shape": 3
        }
      ],
      "properties": {
        "Node name for S&R": "CR Get Parameter From Prompt",
        "ttNbgOverride": {
          "color": "#222",
          "bgcolor": "#000",
          "groupcolor": "#444"
        }
      },
      "widgets_values": [
        "prompt",
        "!upscale"
      ],
      "color": "#222",
      "bgcolor": "#000"
    },
    {
      "id": 3,
      "type": "ShowText|pysssss",
      "pos": [
        720,
        1020
      ],
      "size": {
        "0": 280,
        "1": 80
      },
      "flags": {},
      "order": 6,
      "mode": 0,
      "inputs": [
        {
          "name": "text",
          "type": "STRING",
          "link": 17,
          "widget": {
            "name": "text"
          }
        }
      ],
      "outputs": [
        {
          "name": "STRING",
          "type": "STRING",
          "links": null,
          "shape": 6
        }
      ],
      "properties": {
        "Node name for S&R": "ShowText|pysssss",
        "ttNbgOverride": {
          "color": "#222",
          "bgcolor": "#000",
          "groupcolor": "#444"
        }
      },
      "widgets_values": [
        "astronaut cat floating in space"
      ],
      "color": "#222",
      "bgcolor": "#000"
    }
  ],
  "links": [
    [
      1,
      1,
      0,
      2,
      0,
      "STRING"
    ],
    [
      3,
      2,
      1,
      4,
      0,
      "STRING"
    ],
    [
      5,
      7,
      0,
      9,
      0,
      "INT"
    ],
    [
      6,
      9,
      0,
      8,
      0,
      "STRING"
    ],
    [
      8,
      10,
      0,
      5,
      0,
      "STRING"
    ],
    [
      10,
      2,
      0,
      12,
      0,
      "STRING"
    ],
    [
      13,
      13,
      3,
      7,
      0,
      "BOOLEAN"
    ],
    [
      14,
      12,
      0,
      13,
      0,
      "STRING"
    ],
    [
      16,
      12,
      2,
      10,
      0,
      "FLOAT"
    ],
    [
      17,
      13,
      0,
      3,
      0,
      "STRING"
    ]
  ],
  "groups": [],
  "config": {},
  "extra": {},
  "version": 0.4
}