{
  "last_node_id": 214,
  "last_link_id": 240,
  "nodes": [
    {
      "id": 168,
      "type": "CR Integer To String",
      "pos": [
        890,
        370
      ],
      "size": {
        "0": 320,
        "1": 80
      },
      "flags": {
        "collapsed": true
      },
      "order": 3,
      "mode": 0,
      "inputs": [
        {
          "name": "int_",
          "type": "INT",
          "link": 239,
          "widget": {
            "name": "int_"
          }
        }
      ],
      "outputs": [
        {
          "name": "STRING",
          "type": "STRING",
          "links": [
            195
          ],
          "shape": 3,
          "slot_index": 0
        },
        {
          "name": "show_help",
          "type": "STRING",
          "links": null,
          "shape": 3
        }
      ],
      "properties": {
        "Node name for S&R": "CR Integer To String",
        "ttNbgOverride": {
          "color": "#222",
          "bgcolor": "#000",
          "groupcolor": "#444"
        }
      },
      "widgets_values": [
        0
      ],
      "color": "#222",
      "bgcolor": "#000"
    },
    {
      "id": 189,
      "type": "CR Binary To Bit List",
      "pos": [
        220,
        420
      ],
      "size": {
        "0": 210,
        "1": 110
      },
      "flags": {},
      "order": 0,
      "mode": 0,
      "outputs": [
        {
          "name": "STRING",
          "type": "STRING",
          "links": [
            212
          ],
          "shape": 6,
          "slot_index": 0
        },
        {
          "name": "show_help",
          "type": "STRING",
          "links": null,
          "shape": 3
        }
      ],
      "properties": {
        "Node name for S&R": "CR Binary To Bit List",
        "ttNbgOverride": {
          "color": "#222",
          "bgcolor": "#000",
          "groupcolor": "#444"
        }
      },
      "widgets_values": [
        "101"
      ],
      "color": "#222",
      "bgcolor": "#000"
    },
    {
      "id": 171,
      "type": "ShowText|pysssss",
      "pos": [
        1160,
        580
      ],
      "size": {
        "0": 220,
        "1": 180
      },
      "flags": {},
      "order": 6,
      "mode": 0,
      "inputs": [
        {
          "name": "text",
          "type": "STRING",
          "link": 196,
          "widget": {
            "name": "text"
          }
        }
      ],
      "outputs": [
        {
          "name": "STRING",
          "type": "STRING",
          "links": null,
          "shape": 6
        }
      ],
      "properties": {
        "Node name for S&R": "ShowText|pysssss",
        "ttNbgOverride": {
          "color": "#222",
          "bgcolor": "#000",
          "groupcolor": "#444"
        }
      },
      "widgets_values": [
        "2.0",
        "-2.0",
        "2.0"
      ],
      "color": "#222",
      "bgcolor": "#000"
    },
    {
      "id": 169,
      "type": "ShowText|pysssss",
      "pos": [
        1160,
        340
      ],
      "size": {
        "0": 220,
        "1": 180
      },
      "flags": {},
      "order": 5,
      "mode": 0,
      "inputs": [
        {
          "name": "text",
          "type": "STRING",
          "link": 195,
          "widget": {
            "name": "text"
          }
        }
      ],
      "outputs": [
        {
          "name": "STRING",
          "type": "STRING",
          "links": null,
          "shape": 6
        }
      ],
      "properties": {
        "Node name for S&R": "ShowText|pysssss",
        "ttNbgOverride": {
          "color": "#222",
          "bgcolor": "#000",
          "groupcolor": "#444"
        }
      },
      "widgets_values": [
        "2",
        "-2",
        "2"
      ],
      "color": "#222",
      "bgcolor": "#000"
    },
    {
      "id": 172,
      "type": "CR Float To String",
      "pos": [
        890,
        610
      ],
      "size": {
        "0": 320,
        "1": 80
      },
      "flags": {
        "collapsed": true
      },
      "order": 4,
      "mode": 0,
      "inputs": [
        {
          "name": "float_",
          "type": "FLOAT",
          "link": 240,
          "widget": {
            "name": "float_"
          }
        }
      ],
      "outputs": [
        {
          "name": "STRING",
          "type": "STRING",
          "links": [
            196
          ],
          "shape": 3,
          "slot_index": 0
        },
        {
          "name": "show_help",
          "type": "STRING",
          "links": null,
          "shape": 3
        }
      ],
      "properties": {
        "Node name for S&R": "CR Float To String",
        "ttNbgOverride": {
          "color": "#222",
          "bgcolor": "#000",
          "groupcolor": "#444"
        }
      },
      "widgets_values": [
        0
      ],
      "color": "#222",
      "bgcolor": "#000"
    },
    {
      "id": 176,
      "type": "CR String To Number",
      "pos": [
        220,
        590
      ],
      "size": {
        "0": 290,
        "1": 120
      },
      "flags": {
        "collapsed": true
      },
      "order": 1,
      "mode": 0,
      "inputs": [
        {
          "name": "text",
          "type": "STRING",
          "link": 212,
          "widget": {
            "name": "text"
          }
        }
      ],
      "outputs": [
        {
          "name": "INT",
          "type": "INT",
          "links": [
            238
          ],
          "shape": 3,
          "slot_index": 0
        },
        {
          "name": "FLOAT",
          "type": "FLOAT",
          "links": null,
          "shape": 3
        },
        {
          "name": "show_help",
          "type": "STRING",
          "links": null,
          "shape": 3
        }
      ],
      "properties": {
        "Node name for S&R": "CR String To Number",
        "ttNbgOverride": {
          "color": "#222",
          "bgcolor": "#000",
          "groupcolor": "#444"
        }
      },
      "widgets_values": [
        "text",
        "round"
      ],
      "color": "#222",
      "bgcolor": "#000"
    },
    {
      "id": 214,
      "type": "CR Set Value On Binary",
      "pos": [
        490,
        430
      ],
      "size": [
        315,
        146
      ],
      "flags": {},
      "order": 2,
      "mode": 0,
      "inputs": [
        {
          "name": "boolean_number",
          "type": "INT",
          "link": 238,
          "widget": {
            "name": "boolean_number"
          }
        }
      ],
      "outputs": [
        {
          "name": "INT",
          "type": "INT",
          "links": [
            239
          ],
          "shape": 3,
          "slot_index": 0
        },
        {
          "name": "FLOAT",
          "type": "FLOAT",
          "links": [
            240
          ],
          "shape": 3,
          "slot_index": 1
        },
        {
          "name": "show_help",
          "type": "STRING",
          "links": null,
          "shape": 3
        }
      ],
      "properties": {
        "Node name for S&R": "CR Set Value On Binary",
        "ttNbgOverride": {
          "color": "#222",
          "bgcolor": "#000",
          "groupcolor": "#444"
        }
      },
      "widgets_values": [
        1,
        2,
        -2
      ],
      "color": "#222",
      "bgcolor": "#000"
    }
  ],
  "links": [
    [
      123,
      98,
      0,
      91,
      0,
      "*"
    ],
    [
      195,
      168,
      0,
      169,
      0,
      "STRING"
    ],
    [
      196,
      172,
      0,
      171,
      0,
      "STRING"
    ],
    [
      212,
      189,
      0,
      176,
      0,
      "STRING"
    ],
    [
      238,
      176,
      0,
      214,
      0,
      "INT"
    ],
    [
      239,
      214,
      0,
      168,
      0,
      "INT"
    ],
    [
      240,
      214,
      1,
      172,
      0,
      "FLOAT"
    ]
  ],
  "groups": [],
  "config": {},
  "extra": {},
  "version": 0.4
}