{
  "last_node_id": 68,
  "last_link_id": 130,
  "nodes": [
    {
      "id": 62,
      "type": "CR Set Switch From String",
      "pos": [
        820,
        330
      ],
      "size": {
        "0": 320,
        "1": 170
      },
      "flags": {},
      "order": 3,
      "mode": 0,
      "inputs": [
        {
          "name": "text",
          "type": "STRING",
          "link": 129,
          "widget": {
            "name": "text"
          }
        }
      ],
      "outputs": [
        {
          "name": "switch",
          "type": "INT",
          "links": [
            111
          ],
          "shape": 3,
          "slot_index": 0
        },
        {
          "name": "show_help",
          "type": "STRING",
          "links": null,
          "shape": 3
        }
      ],
      "properties": {
        "Node name for S&R": "CR Set Switch From String",
        "ttNbgOverride": {
          "color": "#222",
          "bgcolor": "#000",
          "groupcolor": "#444"
        }
      },
      "widgets_values": [
        "!findme",
        "cat",
        "girl",
        "",
        ""
      ],
      "color": "#222",
      "bgcolor": "#000"
    },
    {
      "id": 61,
      "type": "CR Image Input Switch",
      "pos": [
        840,
        590
      ],
      "size": {
        "0": 270,
        "1": 80
      },
      "flags": {},
      "order": 4,
      "mode": 0,
      "inputs": [
        {
          "name": "image1",
          "type": "IMAGE",
          "link": 127
        },
        {
          "name": "image2",
          "type": "IMAGE",
          "link": 128
        },
        {
          "name": "Input",
          "type": "INT",
          "link": 111,
          "widget": {
            "name": "Input"
          }
        }
      ],
      "outputs": [
        {
          "name": "IMAGE",
          "type": "IMAGE",
          "links": [
            130
          ],
          "shape": 3,
          "slot_index": 0
        },
        {
          "name": "show_help",
          "type": "STRING",
          "links": null,
          "shape": 3
        }
      ],
      "properties": {
        "Node name for S&R": "CR Image Input Switch",
        "ttNbgOverride": {
          "color": "#222",
          "bgcolor": "#000",
          "groupcolor": "#444"
        }
      },
      "widgets_values": [
        1
      ],
      "color": "#222",
      "bgcolor": "#000"
    },
    {
      "id": 68,
      "type": "PreviewImage",
      "pos": [
        1200,
        590
      ],
      "size": [
        210,
        250
      ],
      "flags": {},
      "order": 5,
      "mode": 0,
      "inputs": [
        {
          "name": "images",
          "type": "IMAGE",
          "link": 130
        }
      ],
      "properties": {
        "Node name for S&R": "PreviewImage",
        "ttNbgOverride": {
          "color": "#222",
          "bgcolor": "#000",
          "groupcolor": "#444"
        }
      },
      "color": "#222",
      "bgcolor": "#000"
    },
    {
      "id": 66,
      "type": "LoadImage",
      "pos": [
        420,
        690
      ],
      "size": [
        320,
        310
      ],
      "flags": {},
      "order": 0,
      "mode": 0,
      "outputs": [
        {
          "name": "IMAGE",
          "type": "IMAGE",
          "links": [
            128
          ],
          "shape": 3,
          "slot_index": 0
        },
        {
          "name": "MASK",
          "type": "MASK",
          "links": null,
          "shape": 3
        }
      ],
      "properties": {
        "Node name for S&R": "LoadImage",
        "ttNbgOverride": {
          "color": "#222",
          "bgcolor": "#000",
          "groupcolor": "#444"
        }
      },
      "widgets_values": [
        "CR_3D_voronoi_algorithmic_art_installation_with_dynamic_changing_patterns_00002_ (2) (1).png",
        "image"
      ],
      "color": "#222",
      "bgcolor": "#000"
    },
    {
      "id": 67,
      "type": "CR Text",
      "pos": [
        830,
        120
      ],
      "size": [
        290,
        130
      ],
      "flags": {},
      "order": 1,
      "mode": 0,
      "outputs": [
        {
          "name": "text",
          "type": "*",
          "links": [
            129
          ],
          "shape": 3,
          "slot_index": 0
        },
        {
          "name": "show_help",
          "type": "STRING",
          "links": null,
          "shape": 3
        }
      ],
      "properties": {
        "Node name for S&R": "CR Text",
        "ttNbgOverride": {
          "color": "#222",
          "bgcolor": "#000",
          "groupcolor": "#444"
        }
      },
      "widgets_values": [
        "girl"
      ],
      "color": "#222",
      "bgcolor": "#000"
    },
    {
      "id": 65,
      "type": "LoadImage",
      "pos": [
        420,
        310
      ],
      "size": [
        320,
        310
      ],
      "flags": {},
      "order": 2,
      "mode": 0,
      "outputs": [
        {
          "name": "IMAGE",
          "type": "IMAGE",
          "links": [
            127
          ],
          "shape": 3,
          "slot_index": 0
        },
        {
          "name": "MASK",
          "type": "MASK",
          "links": null,
          "shape": 3
        }
      ],
      "properties": {
        "Node name for S&R": "LoadImage",
        "ttNbgOverride": {
          "color": "#222",
          "bgcolor": "#000",
          "groupcolor": "#444"
        }
      },
      "widgets_values": [
        "SDXL10__00017_ (2).png",
        "image"
      ],
      "color": "#222",
      "bgcolor": "#000"
    }
  ],
  "links": [
    [
      111,
      62,
      0,
      61,
      2,
      "INT"
    ],
    [
      127,
      65,
      0,
      61,
      0,
      "IMAGE"
    ],
    [
      128,
      66,
      0,
      61,
      1,
      "IMAGE"
    ],
    [
      129,
      67,
      0,
      62,
      0,
      "STRING"
    ],
    [
      130,
      61,
      0,
      68,
      0,
      "IMAGE"
    ]
  ],
  "groups": [],
  "config": {},
  "extra": {},
  "version": 0.4
}