{
  "last_node_id": 11,
  "last_link_id": 14,
  "nodes": [
    {
      "id": 4,
      "type": "CR Data Bus Out",
      "pos": [
        1120,
        1060
      ],
      "size": {
        "0": 210,
        "1": 126
      },
      "flags": {},
      "order": 4,
      "mode": 0,
      "inputs": [
        {
          "name": "pipe",
          "type": "PIPE_LINE",
          "link": 5
        }
      ],
      "outputs": [
        {
          "name": "pipe",
          "type": "PIPE_LINE",
          "links": null,
          "shape": 3
        },
        {
          "name": "any1",
          "type": "*",
          "links": [
            6
          ],
          "shape": 3,
          "slot_index": 1
        },
        {
          "name": "any2",
          "type": "*",
          "links": [
            7
          ],
          "shape": 3,
          "slot_index": 2
        },
        {
          "name": "any3",
          "type": "*",
          "links": [
            8
          ],
          "shape": 3,
          "slot_index": 3
        },
        {
          "name": "any4",
          "type": "*",
          "links": [],
          "shape": 3,
          "slot_index": 4
        },
        {
          "name": "show_help",
          "type": "STRING",
          "links": null,
          "shape": 3
        }
      ],
      "properties": {
        "Node name for S&R": "CR Data Bus Out",
        "ttNbgOverride": {
          "color": "#222",
          "bgcolor": "#000",
          "groupcolor": "#444"
        }
      },
      "color": "#222",
      "bgcolor": "#000"
    },
    {
      "id": 6,
      "type": "ShowText|pysssss",
      "pos": [
        1440,
        1100
      ],
      "size": {
        "0": 320,
        "1": 80
      },
      "flags": {},
      "order": 6,
      "mode": 0,
      "inputs": [
        {
          "name": "text",
          "type": "STRING",
          "link": 7,
          "widget": {
            "name": "text"
          }
        }
      ],
      "outputs": [
        {
          "name": "STRING",
          "type": "STRING",
          "links": null,
          "shape": 6
        }
      ],
      "properties": {
        "Node name for S&R": "ShowText|pysssss",
        "ttNbgOverride": {
          "color": "#222",
          "bgcolor": "#000",
          "groupcolor": "#444"
        }
      },
      "widgets_values": [
        "",
        "-123.5"
      ],
      "color": "#222",
      "bgcolor": "#000"
    },
    {
      "id": 8,
      "type": "ShowText|pysssss",
      "pos": [
        1440,
        1230
      ],
      "size": {
        "0": 320,
        "1": 80
      },
      "flags": {},
      "order": 7,
      "mode": 0,
      "inputs": [
        {
          "name": "text",
          "type": "STRING",
          "link": 8,
          "widget": {
            "name": "text"
          }
        }
      ],
      "outputs": [
        {
          "name": "STRING",
          "type": "STRING",
          "links": null,
          "shape": 6
        }
      ],
      "properties": {
        "Node name for S&R": "ShowText|pysssss",
        "ttNbgOverride": {
          "color": "#222",
          "bgcolor": "#000",
          "groupcolor": "#444"
        }
      },
      "widgets_values": [
        "",
        "1234"
      ],
      "color": "#222",
      "bgcolor": "#000"
    },
    {
      "id": 9,
      "type": "CR Value",
      "pos": [
        450,
        1100
      ],
      "size": {
        "0": 315,
        "1": 98
      },
      "flags": {},
      "order": 0,
      "mode": 0,
      "outputs": [
        {
          "name": "FLOAT",
          "type": "FLOAT",
          "links": [
            11
          ],
          "shape": 3,
          "slot_index": 0
        },
        {
          "name": "INT",
          "type": "INT",
          "links": [],
          "shape": 3,
          "slot_index": 1
        },
        {
          "name": "show_help",
          "type": "STRING",
          "links": null,
          "shape": 3
        }
      ],
      "properties": {
        "Node name for S&R": "CR Value",
        "ttNbgOverride": {
          "color": "#222",
          "bgcolor": "#000",
          "groupcolor": "#444"
        }
      },
      "widgets_values": [
        -123.5
      ],
      "color": "#222",
      "bgcolor": "#000"
    },
    {
      "id": 11,
      "type": "CR Value",
      "pos": [
        450,
        1260
      ],
      "size": {
        "0": 315,
        "1": 98
      },
      "flags": {},
      "order": 1,
      "mode": 0,
      "outputs": [
        {
          "name": "FLOAT",
          "type": "FLOAT",
          "links": [],
          "shape": 3,
          "slot_index": 0
        },
        {
          "name": "INT",
          "type": "INT",
          "links": [
            14
          ],
          "shape": 3,
          "slot_index": 1
        },
        {
          "name": "show_help",
          "type": "STRING",
          "links": null,
          "shape": 3
        }
      ],
      "properties": {
        "Node name for S&R": "CR Value",
        "ttNbgOverride": {
          "color": "#222",
          "bgcolor": "#000",
          "groupcolor": "#444"
        }
      },
      "widgets_values": [
        1234
      ],
      "color": "#222",
      "bgcolor": "#000"
    },
    {
      "id": 3,
      "type": "CR Data Bus In",
      "pos": [
        840,
        1060
      ],
      "size": {
        "0": 210,
        "1": 106
      },
      "flags": {},
      "order": 3,
      "mode": 0,
      "inputs": [
        {
          "name": "pipe",
          "type": "*",
          "link": null
        },
        {
          "name": "any1",
          "type": "*",
          "link": 10
        },
        {
          "name": "any2",
          "type": "*",
          "link": 11
        },
        {
          "name": "any3",
          "type": "*",
          "link": 14
        },
        {
          "name": "any4",
          "type": "*",
          "link": null
        }
      ],
      "outputs": [
        {
          "name": "pipe",
          "type": "PIPE_LINE",
          "links": [
            5
          ],
          "shape": 3,
          "slot_index": 0
        },
        {
          "name": "show_help",
          "type": "STRING",
          "links": null,
          "shape": 3
        }
      ],
      "properties": {
        "Node name for S&R": "CR Data Bus In",
        "ttNbgOverride": {
          "color": "#222",
          "bgcolor": "#000",
          "groupcolor": "#444"
        }
      },
      "color": "#222",
      "bgcolor": "#000"
    },
    {
      "id": 5,
      "type": "ShowText|pysssss",
      "pos": [
        1440,
        970
      ],
      "size": {
        "0": 320,
        "1": 80
      },
      "flags": {},
      "order": 5,
      "mode": 0,
      "inputs": [
        {
          "name": "text",
          "type": "STRING",
          "link": 6,
          "widget": {
            "name": "text"
          }
        }
      ],
      "outputs": [
        {
          "name": "STRING",
          "type": "STRING",
          "links": null,
          "shape": 6
        }
      ],
      "properties": {
        "Node name for S&R": "ShowText|pysssss",
        "ttNbgOverride": {
          "color": "#222",
          "bgcolor": "#000",
          "groupcolor": "#444"
        }
      },
      "widgets_values": [
        "",
        "123\nabc"
      ],
      "color": "#222",
      "bgcolor": "#000"
    },
    {
      "id": 10,
      "type": "CR Text",
      "pos": [
        450,
        920
      ],
      "size": {
        "0": 310,
        "1": 110
      },
      "flags": {},
      "order": 2,
      "mode": 0,
      "outputs": [
        {
          "name": "text",
          "type": "STRING",
          "links": [
            10
          ],
          "shape": 3,
          "slot_index": 0
        },
        {
          "name": "show_help",
          "type": "STRING",
          "links": null,
          "shape": 3
        }
      ],
      "properties": {
        "Node name for S&R": "CR Text",
        "ttNbgOverride": {
          "color": "#222",
          "bgcolor": "#000",
          "groupcolor": "#444"
        }
      },
      "widgets_values": [
        "123\nabc"
      ],
      "color": "#222",
      "bgcolor": "#000"
    }
  ],
  "links": [
    [
      5,
      3,
      0,
      4,
      0,
      "PIPE_LINE"
    ],
    [
      6,
      4,
      1,
      5,
      0,
      "STRING"
    ],
    [
      7,
      4,
      2,
      6,
      0,
      "STRING"
    ],
    [
      8,
      4,
      3,
      8,
      0,
      "STRING"
    ],
    [
      10,
      10,
      0,
      3,
      1,
      "*"
    ],
    [
      11,
      9,
      0,
      3,
      2,
      "*"
    ],
    [
      14,
      11,
      1,
      3,
      3,
      "*"
    ]
  ],
  "groups": [],
  "config": {},
  "extra": {},
  "version": 0.4
}