{
  "last_node_id": 7,
  "last_link_id": 9,
  "nodes": [
    {
      "id": 2,
      "type": "VAEDecode",
      "pos": [
        1300,
        560
      ],
      "size": {
        "0": 210,
        "1": 46
      },
      "flags": {},
      "order": 3,
      "mode": 0,
      "inputs": [
        {
          "name": "samples",
          "type": "LATENT",
          "link": 1
        },
        {
          "name": "vae",
          "type": "VAE",
          "link": 3
        }
      ],
      "outputs": [
        {
          "name": "IMAGE",
          "type": "IMAGE",
          "links": [
            2
          ],
          "shape": 3,
          "slot_index": 0
        }
      ],
      "properties": {
        "Node name for S&R": "VAEDecode"
      }
    },
    {
      "id": 5,
      "type": "VAEDecode",
      "pos": [
        1300,
        290
      ],
      "size": {
        "0": 210,
        "1": 46
      },
      "flags": {},
      "order": 4,
      "mode": 0,
      "inputs": [
        {
          "name": "samples",
          "type": "LATENT",
          "link": 5
        },
        {
          "name": "vae",
          "type": "VAE",
          "link": 6
        }
      ],
      "outputs": [
        {
          "name": "IMAGE",
          "type": "IMAGE",
          "links": [
            4
          ],
          "shape": 3,
          "slot_index": 0
        }
      ],
      "properties": {
        "Node name for S&R": "VAEDecode"
      }
    },
    {
      "id": 7,
      "type": "EmptyLatentImage",
      "pos": [
        1010,
        290
      ],
      "size": [
        240,
        110
      ],
      "flags": {},
      "order": 2,
      "mode": 0,
      "inputs": [
        {
          "name": "width",
          "type": "INT",
          "link": 7,
          "widget": {
            "name": "width"
          }
        },
        {
          "name": "height",
          "type": "INT",
          "link": 8,
          "widget": {
            "name": "height"
          }
        },
        {
          "name": "batch_size",
          "type": "INT",
          "link": 9,
          "widget": {
            "name": "batch_size"
          }
        }
      ],
      "outputs": [
        {
          "name": "LATENT",
          "type": "LATENT",
          "links": [
            5
          ],
          "shape": 3,
          "slot_index": 0
        }
      ],
      "properties": {
        "Node name for S&R": "EmptyLatentImage"
      },
      "widgets_values": [
        512,
        512,
        1
      ]
    },
    {
      "id": 6,
      "type": "PreviewImage",
      "pos": [
        1560,
        290
      ],
      "size": [
        260,
        200
      ],
      "flags": {},
      "order": 6,
      "mode": 0,
      "inputs": [
        {
          "name": "images",
          "type": "IMAGE",
          "link": 4
        }
      ],
      "properties": {
        "Node name for S&R": "PreviewImage"
      }
    },
    {
      "id": 3,
      "type": "PreviewImage",
      "pos": [
        1560,
        560
      ],
      "size": [
        260,
        200
      ],
      "flags": {},
      "order": 5,
      "mode": 0,
      "inputs": [
        {
          "name": "images",
          "type": "IMAGE",
          "link": 2
        }
      ],
      "properties": {
        "Node name for S&R": "PreviewImage"
      }
    },
    {
      "id": 1,
      "type": "CR Aspect Ratio",
      "pos": [
        580,
        410
      ],
      "size": {
        "0": 315,
        "1": 322
      },
      "flags": {},
      "order": 0,
      "mode": 0,
      "outputs": [
        {
          "name": "width",
          "type": "INT",
          "links": [
            7
          ],
          "shape": 3,
          "slot_index": 0
        },
        {
          "name": "height",
          "type": "INT",
          "links": [
            8
          ],
          "shape": 3,
          "slot_index": 1
        },
        {
          "name": "upscale_factor",
          "type": "FLOAT",
          "links": null,
          "shape": 3
        },
        {
          "name": "prescale_factor",
          "type": "FLOAT",
          "links": null,
          "shape": 3
        },
        {
          "name": "batch_size",
          "type": "INT",
          "links": [
            9
          ],
          "shape": 3,
          "slot_index": 4
        },
        {
          "name": "empty_latent",
          "type": "LATENT",
          "links": [
            1
          ],
          "shape": 3,
          "slot_index": 5
        },
        {
          "name": "show_help",
          "type": "STRING",
          "links": null,
          "shape": 3
        }
      ],
      "properties": {
        "Node name for S&R": "CR Aspect Ratio"
      },
      "widgets_values": [
        1024,
        1024,
        "SDXL - 3:4 portrait 896x1152",
        "Off",
        1,
        1,
        2
      ],
      "color": "#222",
      "bgcolor": "#000"
    },
    {
      "id": 4,
      "type": "VAELoader",
      "pos": [
        580,
        260
      ],
      "size": {
        "0": 315,
        "1": 58
      },
      "flags": {},
      "order": 1,
      "mode": 0,
      "outputs": [
        {
          "name": "VAE",
          "type": "VAE",
          "links": [
            3,
            6
          ],
          "shape": 3,
          "slot_index": 0
        }
      ],
      "properties": {
        "Node name for S&R": "VAELoader"
      },
      "widgets_values": [
        "sdxl_vae_fixed.safetensors"
      ]
    }
  ],
  "links": [
    [
      1,
      1,
      5,
      2,
      0,
      "LATENT"
    ],
    [
      2,
      2,
      0,
      3,
      0,
      "IMAGE"
    ],
    [
      3,
      4,
      0,
      2,
      1,
      "VAE"
    ],
    [
      4,
      5,
      0,
      6,
      0,
      "IMAGE"
    ],
    [
      5,
      7,
      0,
      5,
      0,
      "LATENT"
    ],
    [
      6,
      4,
      0,
      5,
      1,
      "VAE"
    ],
    [
      7,
      1,
      0,
      7,
      0,
      "INT"
    ],
    [
      8,
      1,
      1,
      7,
      1,
      "INT"
    ],
    [
      9,
      1,
      4,
      7,
      2,
      "INT"
    ]
  ],
  "groups": [],
  "config": {},
  "extra": {},
  "version": 0.4
}