{
  "last_node_id": 618,
  "last_link_id": 1119,
  "nodes": [
    {
      "id": 249,
      "type": "CheckpointLoaderSimple",
      "pos": [
        1463.9153190458471,
        -676.6040770005651
      ],
      "size": {
        "0": 315,
        "1": 98
      },
      "flags": {},
      "order": 0,
      "mode": 0,
      "outputs": [
        {
          "name": "MODEL",
          "type": "MODEL",
          "links": [
            902
          ],
          "shape": 3,
          "slot_index": 0
        },
        {
          "name": "CLIP",
          "type": "CLIP",
          "links": [
            1091
          ],
          "shape": 3,
          "slot_index": 1
        },
        {
          "name": "VAE",
          "type": "VAE",
          "links": null,
          "shape": 3,
          "slot_index": 2
        }
      ],
      "properties": {
        "Node name for S&R": "CheckpointLoaderSimple",
        "ttNbgOverride": {
          "color": "#222",
          "bgcolor": "#000",
          "groupcolor": "#444"
        }
      },
      "widgets_values": [
        "SD1_5\\ComfyrollAnime_v1_fp16_pruned.safetensors"
      ],
      "color": "#222",
      "bgcolor": "#000"
    },
    {
      "id": 591,
      "type": "CLIPTextEncode",
      "pos": [
        2190.728895078124,
        -138.77898584960937
      ],
      "size": {
        "0": 220,
        "1": 80
      },
      "flags": {},
      "order": 12,
      "mode": 0,
      "inputs": [
        {
          "name": "clip",
          "type": "CLIP",
          "link": 1045
        },
        {
          "name": "text",
          "type": "STRING",
          "link": 1044,
          "widget": {
            "name": "text"
          }
        }
      ],
      "outputs": [
        {
          "name": "CONDITIONING",
          "type": "CONDITIONING",
          "links": [
            1087
          ],
          "shape": 3,
          "slot_index": 0
        }
      ],
      "properties": {
        "Node name for S&R": "CLIPTextEncode",
        "ttNbgOverride": {
          "color": "#222",
          "bgcolor": "#000",
          "groupcolor": "#444"
        }
      },
      "widgets_values": [
        ""
      ],
      "color": "#222",
      "bgcolor": "#000"
    },
    {
      "id": 250,
      "type": "VAELoader",
      "pos": [
        1463.9153190458471,
        -526.6040770005652
      ],
      "size": {
        "0": 315,
        "1": 58
      },
      "flags": {},
      "order": 1,
      "mode": 0,
      "outputs": [
        {
          "name": "VAE",
          "type": "VAE",
          "links": [
            837
          ],
          "shape": 3,
          "slot_index": 0
        }
      ],
      "properties": {
        "Node name for S&R": "VAELoader",
        "ttNbgOverride": {
          "color": "#222",
          "bgcolor": "#000",
          "groupcolor": "#444"
        }
      },
      "widgets_values": [
        "vae-ft-mse-840000-ema-pruned.safetensors"
      ],
      "color": "#222",
      "bgcolor": "#000"
    },
    {
      "id": 528,
      "type": "Reroute",
      "pos": [
        1900,
        -500
      ],
      "size": [
        75,
        26
      ],
      "flags": {},
      "order": 8,
      "mode": 0,
      "inputs": [
        {
          "name": "",
          "type": "*",
          "link": 1091
        }
      ],
      "outputs": [
        {
          "name": "CLIP",
          "type": "CLIP",
          "links": [
            985,
            1045
          ],
          "slot_index": 0
        }
      ],
      "properties": {
        "showOutputText": true,
        "horizontal": false,
        "ttNbgOverride": {
          "color": "#222",
          "bgcolor": "#000",
          "groupcolor": "#444"
        }
      },
      "color": "#222",
      "bgcolor": "#000"
    },
    {
      "id": 500,
      "type": "Reroute",
      "pos": [
        1900,
        -560
      ],
      "size": [
        82,
        26
      ],
      "flags": {},
      "order": 7,
      "mode": 0,
      "inputs": [
        {
          "name": "",
          "type": "*",
          "link": 902
        }
      ],
      "outputs": [
        {
          "name": "MODEL",
          "type": "MODEL",
          "links": [
            899
          ],
          "slot_index": 0
        }
      ],
      "properties": {
        "showOutputText": true,
        "horizontal": false,
        "ttNbgOverride": {
          "color": "#222",
          "bgcolor": "#000",
          "groupcolor": "#444"
        }
      },
      "color": "#222",
      "bgcolor": "#000"
    },
    {
      "id": 491,
      "type": "Reroute",
      "pos": [
        1900,
        -450
      ],
      "size": [
        75,
        26
      ],
      "flags": {},
      "order": 9,
      "mode": 0,
      "inputs": [
        {
          "name": "",
          "type": "*",
          "link": 837
        }
      ],
      "outputs": [
        {
          "name": "VAE",
          "type": "VAE",
          "links": [
            1101
          ],
          "slot_index": 0
        }
      ],
      "properties": {
        "showOutputText": true,
        "horizontal": false,
        "ttNbgOverride": {
          "color": "#222",
          "bgcolor": "#000",
          "groupcolor": "#444"
        }
      },
      "color": "#222",
      "bgcolor": "#000"
    },
    {
      "id": 607,
      "type": "Reroute",
      "pos": [
        2510,
        -450
      ],
      "size": [
        75,
        26
      ],
      "flags": {},
      "order": 13,
      "mode": 0,
      "inputs": [
        {
          "name": "",
          "type": "*",
          "link": 1101
        }
      ],
      "outputs": [
        {
          "name": "VAE",
          "type": "VAE",
          "links": [
            1100
          ],
          "slot_index": 0
        }
      ],
      "properties": {
        "showOutputText": true,
        "horizontal": false,
        "ttNbgOverride": {
          "color": "#222",
          "bgcolor": "#000",
          "groupcolor": "#444"
        }
      },
      "color": "#222",
      "bgcolor": "#000"
    },
    {
      "id": 604,
      "type": "CR Simple Prompt Scheduler",
      "pos": [
        1660,
        -280
      ],
      "size": {
        "0": 340,
        "1": 190
      },
      "flags": {},
      "order": 10,
      "mode": 0,
      "inputs": [
        {
          "name": "current_frame",
          "type": "INT",
          "link": 1114,
          "widget": {
            "name": "current_frame"
          }
        }
      ],
      "outputs": [
        {
          "name": "current_prompt",
          "type": "STRING",
          "links": [
            1093
          ],
          "shape": 3,
          "slot_index": 0
        },
        {
          "name": "next_prompt",
          "type": "STRING",
          "links": [
            1094
          ],
          "shape": 3,
          "slot_index": 1
        },
        {
          "name": "weight",
          "type": "FLOAT",
          "links": [
            1095
          ],
          "shape": 3,
          "slot_index": 2
        },
        {
          "name": "show_help",
          "type": "STRING",
          "links": null,
          "shape": 3
        }
      ],
      "properties": {
        "Node name for S&R": "CR Simple Prompt Scheduler"
      },
      "widgets_values": [
        "\"0\": \"1girl, long grey hair\",\n\"5\": \"1girl, long blue hair\",\n\"10\": \"1girl, long red hair\",\n\"15\": \"1girl, long black hair\"",
        0,
        "Deforum"
      ],
      "color": "#222",
      "bgcolor": "#000"
    },
    {
      "id": 387,
      "type": "Reroute",
      "pos": [
        2510,
        -560
      ],
      "size": [
        82,
        26
      ],
      "flags": {},
      "order": 11,
      "mode": 0,
      "inputs": [
        {
          "name": "",
          "type": "*",
          "link": 899
        }
      ],
      "outputs": [
        {
          "name": "MODEL",
          "type": "MODEL",
          "links": [
            614
          ],
          "slot_index": 0
        }
      ],
      "properties": {
        "showOutputText": true,
        "horizontal": false,
        "ttNbgOverride": {
          "color": "#222",
          "bgcolor": "#000",
          "groupcolor": "#444"
        }
      },
      "color": "#222",
      "bgcolor": "#000"
    },
    {
      "id": 563,
      "type": "CR Encode Scheduled Prompts",
      "pos": [
        2190.728895078124,
        -298.7789858496094
      ],
      "size": {
        "0": 290,
        "1": 94
      },
      "flags": {},
      "order": 14,
      "mode": 0,
      "inputs": [
        {
          "name": "clip",
          "type": "CLIP",
          "link": 985
        },
        {
          "name": "current_prompt",
          "type": "STRING",
          "link": 1093,
          "widget": {
            "name": "current_prompt"
          }
        },
        {
          "name": "next_prompt",
          "type": "STRING",
          "link": 1094,
          "widget": {
            "name": "next_prompt"
          }
        },
        {
          "name": "weight",
          "type": "FLOAT",
          "link": 1095,
          "widget": {
            "name": "weight"
          }
        }
      ],
      "outputs": [
        {
          "name": "CONDITIONING",
          "type": "CONDITIONING",
          "links": [
            1106
          ],
          "shape": 3,
          "slot_index": 0
        },
        {
          "name": "show_help",
          "type": "STRING",
          "links": null,
          "shape": 3
        }
      ],
      "properties": {
        "Node name for S&R": "CR Encode Scheduled Prompts"
      },
      "widgets_values": [
        "",
        "",
        0
      ],
      "color": "#222",
      "bgcolor": "#000"
    },
    {
      "id": 610,
      "type": "CR Apply ControlNet",
      "pos": [
        2570,
        -300
      ],
      "size": {
        "0": 250,
        "1": 122
      },
      "flags": {},
      "order": 16,
      "mode": 0,
      "inputs": [
        {
          "name": "conditioning",
          "type": "CONDITIONING",
          "link": 1106
        },
        {
          "name": "control_net",
          "type": "CONTROL_NET",
          "link": 1112
        },
        {
          "name": "image",
          "type": "IMAGE",
          "link": 1110
        }
      ],
      "outputs": [
        {
          "name": "CONDITIONING",
          "type": "CONDITIONING",
          "links": [
            1107
          ],
          "shape": 3,
          "slot_index": 0
        },
        {
          "name": "show_help",
          "type": "STRING",
          "links": null,
          "shape": 3
        }
      ],
      "properties": {
        "Node name for S&R": "CR Apply ControlNet",
        "ttNbgOverride": {
          "color": "#222",
          "bgcolor": "#000",
          "groupcolor": "#444"
        }
      },
      "widgets_values": [
        "On",
        0.7000000000000001
      ],
      "color": "#222",
      "bgcolor": "#000"
    },
    {
      "id": 605,
      "type": "LoadImage",
      "pos": [
        2470,
        -1070
      ],
      "size": [
        320,
        310
      ],
      "flags": {},
      "order": 2,
      "mode": 0,
      "outputs": [
        {
          "name": "IMAGE",
          "type": "IMAGE",
          "links": [
            1110
          ],
          "shape": 3,
          "slot_index": 0
        },
        {
          "name": "MASK",
          "type": "MASK",
          "links": null,
          "shape": 3
        }
      ],
      "properties": {
        "Node name for S&R": "LoadImage",
        "ttNbgOverride": {
          "color": "#222",
          "bgcolor": "#000",
          "groupcolor": "#444"
        }
      },
      "widgets_values": [
        "depth_leres-0070.png",
        "image"
      ],
      "color": "#222",
      "bgcolor": "#000"
    },
    {
      "id": 613,
      "type": "ControlNetLoader",
      "pos": [
        2470,
        -700
      ],
      "size": {
        "0": 320,
        "1": 60
      },
      "flags": {},
      "order": 3,
      "mode": 0,
      "outputs": [
        {
          "name": "CONTROL_NET",
          "type": "CONTROL_NET",
          "links": [
            1112
          ],
          "shape": 3,
          "slot_index": 0
        }
      ],
      "properties": {
        "Node name for S&R": "ControlNetLoader",
        "ttNbgOverride": {
          "color": "#222",
          "bgcolor": "#000",
          "groupcolor": "#444"
        }
      },
      "widgets_values": [
        "t2iadapter_zoedepth_sd15v1.pth"
      ],
      "color": "#222",
      "bgcolor": "#000"
    },
    {
      "id": 537,
      "type": "CR Prompt Text",
      "pos": [
        1690,
        -20
      ],
      "size": {
        "0": 310,
        "1": 96
      },
      "flags": {},
      "order": 4,
      "mode": 0,
      "outputs": [
        {
          "name": "prompt",
          "type": "STRING",
          "links": [
            1044
          ],
          "shape": 3,
          "slot_index": 0
        },
        {
          "name": "show_help",
          "type": "STRING",
          "links": null,
          "shape": 3
        }
      ],
      "properties": {
        "Node name for S&R": "CR Prompt Text"
      },
      "widgets_values": [
        "embedding:EasyNegative, "
      ],
      "color": "#322",
      "bgcolor": "#533"
    },
    {
      "id": 612,
      "type": "EmptyLatentImage",
      "pos": [
        2570,
        -130
      ],
      "size": {
        "0": 250,
        "1": 120
      },
      "flags": {},
      "order": 5,
      "mode": 0,
      "outputs": [
        {
          "name": "LATENT",
          "type": "LATENT",
          "links": [
            1111
          ],
          "shape": 3,
          "slot_index": 0
        }
      ],
      "properties": {
        "Node name for S&R": "EmptyLatentImage",
        "ttNbgOverride": {
          "color": "#222",
          "bgcolor": "#000",
          "groupcolor": "#444"
        }
      },
      "widgets_values": [
        512,
        768,
        1
      ],
      "color": "#222",
      "bgcolor": "#000"
    },
    {
      "id": 614,
      "type": "CR Integer Range List",
      "pos": [
        1240,
        -280
      ],
      "size": {
        "0": 315,
        "1": 174
      },
      "flags": {},
      "order": 6,
      "mode": 0,
      "outputs": [
        {
          "name": "INT",
          "type": "INT",
          "links": [
            1114
          ],
          "shape": 6,
          "slot_index": 0
        },
        {
          "name": "show_help",
          "type": "STRING",
          "links": null,
          "shape": 3
        }
      ],
      "properties": {
        "Node name for S&R": "CR Integer Range List",
        "ttNbgOverride": {
          "color": "#222",
          "bgcolor": "#000",
          "groupcolor": "#444"
        }
      },
      "widgets_values": [
        0,
        20,
        1,
        1,
        false
      ],
      "color": "#222",
      "bgcolor": "#000"
    },
    {
      "id": 615,
      "type": "CR Thumbnail Preview",
      "pos": [
        4110,
        -1080
      ],
      "size": {
        "0": 660,
        "1": 870
      },
      "flags": {},
      "order": 20,
      "mode": 0,
      "inputs": [
        {
          "name": "image",
          "type": "IMAGE",
          "link": 1115
        }
      ],
      "outputs": [
        {
          "name": "show_help",
          "type": "STRING",
          "links": null,
          "shape": 3
        }
      ],
      "properties": {
        "Node name for S&R": "CR Thumbnail Preview",
        "ttNbgOverride": {
          "color": "#222",
          "bgcolor": "#000",
          "groupcolor": "#444"
        }
      },
      "widgets_values": [
        0.25,
        5
      ],
      "color": "#222",
      "bgcolor": "#000"
    },
    {
      "id": 617,
      "type": "VHS_VideoCombine",
      "pos": [
        4090,
        -120
      ],
      "size": [
        690,
        1240
      ],
      "flags": {},
      "order": 21,
      "mode": 0,
      "inputs": [
        {
          "name": "images",
          "type": "IMAGE",
          "link": 1116
        }
      ],
      "outputs": [],
      "properties": {
        "Node name for S&R": "VHS_VideoCombine",
        "ttNbgOverride": {
          "color": "#222",
          "bgcolor": "#000",
          "groupcolor": "#444"
        }
      },
      "widgets_values": {
        "frame_rate": 8,
        "loop_count": 0,
        "filename_prefix": "AnimateDiff",
        "format": "image/gif",
        "pingpong": false,
        "save_image": true,
        "crf": 20,
        "save_metadata": true,
        "audio_file": "",
        "videopreview": {
          "hidden": false,
          "paused": false,
          "params": {
            "filename": "AnimateDiff_00025.gif",
            "subfolder": "",
            "type": "output",
            "format": "image/gif"
          }
        }
      },
      "color": "#222",
      "bgcolor": "#000"
    },
    {
      "id": 618,
      "type": "ImageListToImageBatch",
      "pos": [
        3680,
        -280
      ],
      "size": {
        "0": 210,
        "1": 26
      },
      "flags": {},
      "order": 19,
      "mode": 0,
      "inputs": [
        {
          "name": "images",
          "type": "IMAGE",
          "link": 1117
        }
      ],
      "outputs": [
        {
          "name": "IMAGE",
          "type": "IMAGE",
          "links": [
            1115,
            1116
          ],
          "shape": 3,
          "slot_index": 0
        }
      ],
      "properties": {
        "Node name for S&R": "ImageListToImageBatch",
        "ttNbgOverride": {
          "color": "#222",
          "bgcolor": "#000",
          "groupcolor": "#444"
        }
      },
      "color": "#222",
      "bgcolor": "#000"
    },
    {
      "id": 616,
      "type": "VAEDecodeTiled",
      "pos": [
        3310,
        -280
      ],
      "size": {
        "0": 315,
        "1": 78
      },
      "flags": {
        "collapsed": false
      },
      "order": 18,
      "mode": 0,
      "inputs": [
        {
          "name": "samples",
          "type": "LATENT",
          "link": 1118
        },
        {
          "name": "vae",
          "type": "VAE",
          "link": 1119
        }
      ],
      "outputs": [
        {
          "name": "IMAGE",
          "type": "IMAGE",
          "links": [
            1117
          ],
          "shape": 3,
          "slot_index": 0
        }
      ],
      "properties": {
        "Node name for S&R": "VAEDecodeTiled",
        "ttNbgOverride": {
          "color": "#222",
          "bgcolor": "#000",
          "groupcolor": "#444"
        }
      },
      "widgets_values": [
        512
      ],
      "color": "#222",
      "bgcolor": "#000"
    },
    {
      "id": 252,
      "type": "KSampler",
      "pos": [
        2918.4079541276733,
        -278.0029971578494
      ],
      "size": {
        "0": 290,
        "1": 550
      },
      "flags": {},
      "order": 17,
      "mode": 0,
      "inputs": [
        {
          "name": "model",
          "type": "MODEL",
          "link": 614
        },
        {
          "name": "positive",
          "type": "CONDITIONING",
          "link": 1107
        },
        {
          "name": "negative",
          "type": "CONDITIONING",
          "link": 1087
        },
        {
          "name": "latent_image",
          "type": "LATENT",
          "link": 1111
        }
      ],
      "outputs": [
        {
          "name": "LATENT",
          "type": "LATENT",
          "links": [
            1118
          ],
          "shape": 3,
          "slot_index": 0
        }
      ],
      "properties": {
        "Node name for S&R": "KSampler",
        "ttNbgOverride": {
          "color": "#222",
          "bgcolor": "#000",
          "groupcolor": "#444"
        }
      },
      "widgets_values": [
        722889772155925,
        "fixed",
        20,
        10,
        "dpmpp_2m",
        "karras",
        1
      ],
      "color": "#222",
      "bgcolor": "#000"
    },
    {
      "id": 601,
      "type": "Reroute",
      "pos": [
        3170,
        -450
      ],
      "size": [
        75,
        26
      ],
      "flags": {},
      "order": 15,
      "mode": 0,
      "inputs": [
        {
          "name": "",
          "type": "*",
          "link": 1100
        }
      ],
      "outputs": [
        {
          "name": "VAE",
          "type": "VAE",
          "links": [
            1119
          ],
          "slot_index": 0
        }
      ],
      "properties": {
        "showOutputText": true,
        "horizontal": false,
        "ttNbgOverride": {
          "color": "#222",
          "bgcolor": "#000",
          "groupcolor": "#444"
        }
      },
      "color": "#222",
      "bgcolor": "#000"
    }
  ],
  "links": [
    [
      614,
      387,
      0,
      252,
      0,
      "MODEL"
    ],
    [
      837,
      250,
      0,
      491,
      0,
      "*"
    ],
    [
      899,
      500,
      0,
      387,
      0,
      "*"
    ],
    [
      902,
      249,
      0,
      500,
      0,
      "*"
    ],
    [
      985,
      528,
      0,
      563,
      0,
      "CLIP"
    ],
    [
      1044,
      537,
      0,
      591,
      1,
      "STRING"
    ],
    [
      1045,
      528,
      0,
      591,
      0,
      "CLIP"
    ],
    [
      1087,
      591,
      0,
      252,
      2,
      "CONDITIONING"
    ],
    [
      1091,
      249,
      1,
      528,
      0,
      "*"
    ],
    [
      1093,
      604,
      0,
      563,
      1,
      "STRING"
    ],
    [
      1094,
      604,
      1,
      563,
      2,
      "STRING"
    ],
    [
      1095,
      604,
      2,
      563,
      3,
      "FLOAT"
    ],
    [
      1100,
      607,
      0,
      601,
      0,
      "*"
    ],
    [
      1101,
      491,
      0,
      607,
      0,
      "*"
    ],
    [
      1106,
      563,
      0,
      610,
      0,
      "CONDITIONING"
    ],
    [
      1107,
      610,
      0,
      252,
      1,
      "CONDITIONING"
    ],
    [
      1110,
      605,
      0,
      610,
      2,
      "IMAGE"
    ],
    [
      1111,
      612,
      0,
      252,
      3,
      "LATENT"
    ],
    [
      1112,
      613,
      0,
      610,
      1,
      "CONTROL_NET"
    ],
    [
      1114,
      614,
      0,
      604,
      0,
      "INT"
    ],
    [
      1115,
      618,
      0,
      615,
      0,
      "IMAGE"
    ],
    [
      1116,
      618,
      0,
      617,
      0,
      "IMAGE"
    ],
    [
      1117,
      616,
      0,
      618,
      0,
      "IMAGE"
    ],
    [
      1118,
      252,
      0,
      616,
      0,
      "LATENT"
    ],
    [
      1119,
      601,
      0,
      616,
      1,
      "VAE"
    ]
  ],
  "groups": [
    {
      "title": "Model",
      "bounding": [
        1437,
        -777,
        383,
        344
      ],
      "color": "#3f789e",
      "font_size": 24,
      "locked": false
    },
    {
      "title": "Sampling",
      "bounding": [
        2876,
        -390,
        369,
        693
      ],
      "color": "#8A8",
      "font_size": 24,
      "locked": false
    },
    {
      "title": "Conditioning",
      "bounding": [
        2162,
        -387,
        354,
        365
      ],
      "color": "#8A8",
      "font_size": 24,
      "locked": false
    },
    {
      "title": "Prompt",
      "bounding": [
        1617,
        -388,
        425,
        501
      ],
      "color": "#a1309b",
      "font_size": 24,
      "locked": false
    }
  ],
  "config": {},
  "extra": {},
  "version": 0.4
}