{
  "last_node_id": 6,
  "last_link_id": 4,
  "nodes": [
    {
      "id": 5,
      "type": "CR Integer To String",
      "pos": [
        1460,
        650
      ],
      "size": [
        315,
        78
      ],
      "flags": {
        "collapsed": true
      },
      "order": 3,
      "mode": 0,
      "inputs": [
        {
          "name": "int_",
          "type": "INT",
          "link": 3,
          "widget": {
            "name": "int_"
          }
        }
      ],
      "outputs": [
        {
          "name": "STRING",
          "type": "STRING",
          "links": [
            4
          ],
          "shape": 3,
          "slot_index": 0
        },
        {
          "name": "show_help",
          "type": "STRING",
          "links": null,
          "shape": 3
        }
      ],
      "properties": {
        "Node name for S&R": "CR Integer To String",
        "ttNbgOverride": {
          "color": "#222",
          "bgcolor": "#000",
          "groupcolor": "#444"
        }
      },
      "widgets_values": [
        0
      ],
      "color": "#222",
      "bgcolor": "#000"
    },
    {
      "id": 1,
      "type": "CR Integer Range List",
      "pos": [
        930,
        510
      ],
      "size": {
        "0": 320,
        "1": 174
      },
      "flags": {},
      "order": 0,
      "mode": 0,
      "inputs": [],
      "outputs": [
        {
          "name": "INT",
          "type": "INT",
          "links": [
            2
          ],
          "shape": 6,
          "slot_index": 0
        },
        {
          "name": "show_help",
          "type": "STRING",
          "links": null,
          "shape": 3
        }
      ],
      "properties": {
        "Node name for S&R": "CR Integer Range List",
        "ttNbgOverride": {
          "color": "#222",
          "bgcolor": "#000",
          "groupcolor": "#444"
        }
      },
      "widgets_values": [
        0,
        16,
        1,
        1,
        false
      ],
      "color": "#222",
      "bgcolor": "#000"
    },
    {
      "id": 2,
      "type": "CR Bit Schedule",
      "pos": [
        1040,
        760
      ],
      "size": {
        "0": 210,
        "1": 144.00003051757812
      },
      "flags": {},
      "order": 1,
      "mode": 0,
      "inputs": [],
      "outputs": [
        {
          "name": "SCHEDULE",
          "type": "STRING",
          "links": [
            1
          ],
          "shape": 3,
          "slot_index": 0
        },
        {
          "name": "show_text",
          "type": "STRING",
          "links": null,
          "shape": 3
        }
      ],
      "properties": {
        "Node name for S&R": "CR Bit Schedule",
        "ttNbgOverride": {
          "color": "#222",
          "bgcolor": "#000",
          "groupcolor": "#444"
        }
      },
      "widgets_values": [
        "1001",
        2,
        2
      ],
      "color": "#222",
      "bgcolor": "#000"
    },
    {
      "id": 3,
      "type": "CR Simple Value Scheduler",
      "pos": [
        1340,
        760
      ],
      "size": {
        "0": 310,
        "1": 106.00003051757812
      },
      "flags": {
        "collapsed": false
      },
      "order": 2,
      "mode": 0,
      "inputs": [
        {
          "name": "schedule",
          "type": "STRING",
          "link": 1,
          "widget": {
            "name": "schedule"
          }
        },
        {
          "name": "current_frame",
          "type": "INT",
          "link": 2,
          "widget": {
            "name": "current_frame"
          }
        }
      ],
      "outputs": [
        {
          "name": "INT",
          "type": "INT",
          "links": [
            3
          ],
          "shape": 3,
          "slot_index": 0
        },
        {
          "name": "FLOAT",
          "type": "FLOAT",
          "links": null,
          "shape": 3
        },
        {
          "name": "show_help",
          "type": "STRING",
          "links": null,
          "shape": 3
        }
      ],
      "properties": {
        "Node name for S&R": "CR Simple Value Scheduler",
        "ttNbgOverride": {
          "color": "#222",
          "bgcolor": "#000",
          "groupcolor": "#444"
        }
      },
      "widgets_values": [
        "frame_number, value",
        0
      ],
      "color": "#222",
      "bgcolor": "#000"
    },
    {
      "id": 6,
      "type": "ShowText|pysssss",
      "pos": [
        1700,
        500
      ],
      "size": [
        270,
        830
      ],
      "flags": {},
      "order": 4,
      "mode": 0,
      "inputs": [
        {
          "name": "text",
          "type": "STRING",
          "link": 4,
          "widget": {
            "name": "text"
          }
        }
      ],
      "outputs": [
        {
          "name": "STRING",
          "type": "STRING",
          "links": null,
          "shape": 6
        }
      ],
      "properties": {
        "Node name for S&R": "ShowText|pysssss",
        "ttNbgOverride": {
          "color": "#222",
          "bgcolor": "#000",
          "groupcolor": "#444"
        }
      },
      "widgets_values": [
        "1",
        "1",
        "0",
        "0",
        "0",
        "0",
        "1",
        "1",
        "1",
        "1",
        "0",
        "0",
        "0",
        "0",
        "1",
        "1"
      ],
      "color": "#222",
      "bgcolor": "#000"
    }
  ],
  "links": [
    [
      1,
      2,
      0,
      3,
      0,
      "STRING"
    ],
    [
      2,
      1,
      0,
      3,
      1,
      "INT"
    ],
    [
      3,
      3,
      0,
      5,
      0,
      "INT"
    ],
    [
      4,
      5,
      0,
      6,
      0,
      "STRING"
    ]
  ],
  "groups": [],
  "config": {},
  "extra": {},
  "version": 0.4
}