{
  "last_node_id": 44,
  "last_link_id": 58,
  "nodes": [
    {
      "id": 16,
      "type": "CR Color Panel",
      "pos": [
        160,
        590
      ],
      "size": {
        "0": 320,
        "1": 150
      },
      "flags": {},
      "order": 6,
      "mode": 0,
      "inputs": [
        {
          "name": "fill_color_hex",
          "type": "STRING",
          "link": 43,
          "widget": {
            "name": "fill_color_hex"
          }
        }
      ],
      "outputs": [
        {
          "name": "image",
          "type": "IMAGE",
          "links": [
            41
          ],
          "shape": 3,
          "slot_index": 0
        },
        {
          "name": "show_help",
          "type": "STRING",
          "links": null,
          "shape": 3
        }
      ],
      "properties": {
        "Node name for S&R": "CR Color Panel",
        "ttNbgOverride": {
          "color": "#222",
          "bgcolor": "#000",
          "groupcolor": "#444"
        }
      },
      "widgets_values": [
        512,
        256,
        "custom",
        "#000000"
      ],
      "color": "#222",
      "bgcolor": "#000"
    },
    {
      "id": 32,
      "type": "CR Text List",
      "pos": [
        -240,
        590
      ],
      "size": {
        "0": 320,
        "1": 130
      },
      "flags": {},
      "order": 3,
      "mode": 0,
      "inputs": [
        {
          "name": "multiline_text",
          "type": 0,
          "link": 52,
          "widget": {
            "name": "multiline_text"
          }
        }
      ],
      "outputs": [
        {
          "name": "STRING",
          "type": "STRING",
          "links": [
            43
          ],
          "shape": 6,
          "slot_index": 0
        },
        {
          "name": "show_help",
          "type": "STRING",
          "links": null,
          "shape": 3
        }
      ],
      "properties": {
        "Node name for S&R": "CR Text List"
      },
      "widgets_values": [
        "text",
        0,
        10
      ],
      "color": "#222",
      "bgcolor": "#000"
    },
    {
      "id": 40,
      "type": "CR Thumbnail Preview",
      "pos": [
        1050,
        850
      ],
      "size": {
        "0": 320,
        "1": 430
      },
      "flags": {},
      "order": 10,
      "mode": 0,
      "inputs": [
        {
          "name": "image",
          "type": "IMAGE",
          "link": 58
        }
      ],
      "outputs": [
        {
          "name": "show_help",
          "type": "STRING",
          "links": null,
          "shape": 3
        }
      ],
      "properties": {
        "Node name for S&R": "CR Thumbnail Preview",
        "ttNbgOverride": {
          "color": "#222",
          "bgcolor": "#000",
          "groupcolor": "#444"
        }
      },
      "widgets_values": [
        0.25,
        2
      ],
      "color": "#222",
      "bgcolor": "#000"
    },
    {
      "id": 18,
      "type": "CR Text List",
      "pos": [
        160,
        840
      ],
      "size": {
        "0": 320,
        "1": 130
      },
      "flags": {},
      "order": 5,
      "mode": 0,
      "inputs": [
        {
          "name": "multiline_text",
          "type": 0,
          "link": 55,
          "widget": {
            "name": "multiline_text"
          }
        }
      ],
      "outputs": [
        {
          "name": "STRING",
          "type": "STRING",
          "links": [
            15
          ],
          "shape": 6
        },
        {
          "name": "show_help",
          "type": "STRING",
          "links": null,
          "shape": 3
        }
      ],
      "properties": {
        "Node name for S&R": "CR Text List"
      },
      "widgets_values": [
        "text",
        0,
        10
      ],
      "color": "#222",
      "bgcolor": "#000"
    },
    {
      "id": 35,
      "type": "CR Font File List",
      "pos": [
        170,
        1040
      ],
      "size": {
        "0": 315,
        "1": 150
      },
      "flags": {},
      "order": 0,
      "mode": 0,
      "outputs": [
        {
          "name": "LIST",
          "type": "*",
          "links": [
            44
          ],
          "shape": 6,
          "slot_index": 0
        },
        {
          "name": "show_help",
          "type": "STRING",
          "links": null,
          "shape": 3
        }
      ],
      "properties": {
        "Node name for S&R": "CR Font File List",
        "ttNbgOverride": {
          "color": "#222",
          "bgcolor": "#000",
          "groupcolor": "#444"
        }
      },
      "widgets_values": [
        "system",
        0,
        10,
        "C:\\Windows\\Fonts"
      ],
      "color": "#222",
      "bgcolor": "#000"
    },
    {
      "id": 36,
      "type": "ShowText|pysssss",
      "pos": [
        -630,
        800
      ],
      "size": {
        "0": 300,
        "1": 180
      },
      "flags": {},
      "order": 4,
      "mode": 0,
      "inputs": [
        {
          "name": "text",
          "type": "STRING",
          "link": 53,
          "widget": {
            "name": "text"
          }
        }
      ],
      "outputs": [
        {
          "name": "STRING",
          "type": "STRING",
          "links": null,
          "shape": 6
        }
      ],
      "properties": {
        "Node name for S&R": "ShowText|pysssss",
        "ttNbgOverride": {
          "color": "#222",
          "bgcolor": "#000",
          "groupcolor": "#444"
        }
      },
      "widgets_values": [
        "#B0EFA5\n#D70AE5\n#E88653\n#F70A70\n#6566B5\n#34B1EF\n#71AADC\n#EE248F\n#DED730\n#4CCEFF"
      ],
      "color": "#222",
      "bgcolor": "#000"
    },
    {
      "id": 41,
      "type": "CR Random Multiline Colors",
      "pos": [
        -640,
        590
      ],
      "size": {
        "0": 315,
        "1": 150
      },
      "flags": {},
      "order": 1,
      "mode": 0,
      "outputs": [
        {
          "name": "multiline_text",
          "type": "STRING",
          "links": [
            52,
            53
          ],
          "shape": 3,
          "slot_index": 0
        },
        {
          "name": "show_help",
          "type": "STRING",
          "links": null,
          "shape": 3
        }
      ],
      "properties": {
        "Node name for S&R": "CR Random Multiline Colors",
        "ttNbgOverride": {
          "color": "#222",
          "bgcolor": "#000",
          "groupcolor": "#444"
        }
      },
      "widgets_values": [
        842286588666143,
        "randomize",
        "hex color",
        10
      ],
      "color": "#222",
      "bgcolor": "#000"
    },
    {
      "id": 37,
      "type": "CR Image Grid Panel",
      "pos": [
        1340,
        590
      ],
      "size": {
        "0": 315,
        "1": 198
      },
      "flags": {},
      "order": 9,
      "mode": 0,
      "inputs": [
        {
          "name": "images",
          "type": "IMAGE",
          "link": 57
        }
      ],
      "outputs": [
        {
          "name": "image",
          "type": "IMAGE",
          "links": [
            54
          ],
          "shape": 3,
          "slot_index": 0
        },
        {
          "name": "show_help",
          "type": "STRING",
          "links": null,
          "shape": 3
        }
      ],
      "properties": {
        "Node name for S&R": "CR Image Grid Panel",
        "ttNbgOverride": {
          "color": "#222",
          "bgcolor": "#000",
          "groupcolor": "#444"
        }
      },
      "widgets_values": [
        0,
        "custom",
        5,
        "white",
        2,
        "#000000"
      ],
      "color": "#222",
      "bgcolor": "#000"
    },
    {
      "id": 42,
      "type": "CR Image Output",
      "pos": [
        1740,
        590
      ],
      "size": {
        "0": 440,
        "1": 690
      },
      "flags": {},
      "order": 11,
      "mode": 0,
      "inputs": [
        {
          "name": "images",
          "type": "IMAGE",
          "link": 54
        }
      ],
      "outputs": [
        {
          "name": "trigger",
          "type": "BOOLEAN",
          "links": null,
          "shape": 3
        }
      ],
      "properties": {
        "Node name for S&R": "CR Image Output",
        "ttNbgOverride": {
          "color": "#222",
          "bgcolor": "#000",
          "groupcolor": "#444"
        }
      },
      "widgets_values": [
        "Save",
        "CR",
        "None",
        "png",
        false
      ],
      "color": "#222",
      "bgcolor": "#000"
    },
    {
      "id": 43,
      "type": "CR Multiline Text",
      "pos": [
        -210,
        840
      ],
      "size": {
        "0": 300,
        "1": 340
      },
      "flags": {},
      "order": 2,
      "mode": 0,
      "outputs": [
        {
          "name": "multiline_text",
          "type": "STRING",
          "links": [
            55
          ],
          "shape": 3,
          "slot_index": 0
        },
        {
          "name": "show_help",
          "type": "STRING",
          "links": null,
          "shape": 3
        }
      ],
      "properties": {
        "Node name for S&R": "CR Multiline Text",
        "ttNbgOverride": {
          "color": "#222",
          "bgcolor": "#000",
          "groupcolor": "#444"
        }
      },
      "widgets_values": [
        "Leonardo da Vinci\nVincent van Gogh\nPablo Picasso\nMichelangelo Buonarroti\nClaude Monet\nRembrandt van Rijn\nFrida Kahlo\nGeorgia O'Keeffe\nSalvador Dalí\nWassily Kandinsky",
        false,
        "'",
        false,
        "",
        false
      ],
      "color": "#222",
      "bgcolor": "#000"
    },
    {
      "id": 15,
      "type": "CR Simple Banner",
      "pos": [
        590,
        590
      ],
      "size": {
        "0": 400,
        "1": 290
      },
      "flags": {},
      "order": 7,
      "mode": 0,
      "inputs": [
        {
          "name": "image",
          "type": "IMAGE",
          "link": 41
        },
        {
          "name": "banner_text",
          "type": "STRING",
          "link": 15,
          "widget": {
            "name": "banner_text"
          }
        },
        {
          "name": "font_name",
          "type": "COMBO",
          "link": 44,
          "widget": {
            "name": "font_name"
          }
        }
      ],
      "outputs": [
        {
          "name": "image",
          "type": "IMAGE",
          "links": [
            56
          ],
          "shape": 3,
          "slot_index": 0
        },
        {
          "name": "show_help",
          "type": "STRING",
          "links": null,
          "shape": 3
        }
      ],
      "properties": {
        "Node name for S&R": "CR Simple Banner",
        "ttNbgOverride": {
          "color": "#222",
          "bgcolor": "#000",
          "groupcolor": "#444"
        }
      },
      "widgets_values": [
        "text",
        "Roboto-Regular.ttf",
        150,
        "black",
        0,
        "white",
        5,
        "#000000",
        "#000000"
      ],
      "color": "#222",
      "bgcolor": "#000"
    },
    {
      "id": 44,
      "type": "CR Batch Images From List",
      "pos": [
        1060,
        590
      ],
      "size": {
        "0": 210,
        "1": 26
      },
      "flags": {},
      "order": 8,
      "mode": 0,
      "inputs": [
        {
          "name": "images",
          "type": "IMAGE",
          "link": 56
        }
      ],
      "outputs": [
        {
          "name": "IMAGE",
          "type": "IMAGE",
          "links": [
            57,
            58
          ],
          "shape": 3,
          "slot_index": 0
        }
      ],
      "properties": {
        "Node name for S&R": "CR Batch Images From List",
        "ttNbgOverride": {
          "color": "#222",
          "bgcolor": "#000",
          "groupcolor": "#444"
        }
      },
      "color": "#222",
      "bgcolor": "#000"
    }
  ],
  "links": [
    [
      15,
      18,
      0,
      15,
      1,
      "STRING"
    ],
    [
      41,
      16,
      0,
      15,
      0,
      "IMAGE"
    ],
    [
      43,
      32,
      0,
      16,
      0,
      "STRING"
    ],
    [
      44,
      35,
      0,
      15,
      2,
      "COMBO"
    ],
    [
      52,
      41,
      0,
      32,
      0,
      "STRING"
    ],
    [
      53,
      41,
      0,
      36,
      0,
      "STRING"
    ],
    [
      54,
      37,
      0,
      42,
      0,
      "IMAGE"
    ],
    [
      55,
      43,
      0,
      18,
      0,
      "STRING"
    ],
    [
      56,
      15,
      0,
      44,
      0,
      "IMAGE"
    ],
    [
      57,
      44,
      0,
      37,
      0,
      "IMAGE"
    ],
    [
      58,
      44,
      0,
      40,
      0,
      "IMAGE"
    ]
  ],
  "groups": [],
  "config": {},
  "extra": {},
  "version": 0.4
}